source	target	weight
c08bed164fa0650f03e9bf885a7984ef	1c46f9d185437398af9a0720a86d6d60	1
1c46f9d185437398af9a0720a86d6d60	9cb11dc5c489153019d48844b66289fd	1
1c46f9d185437398af9a0720a86d6d60	5d113dfef00111a99773382351e9e4cf	1
5d113dfef00111a99773382351e9e4cf	d47ec7e2fba47a783d15677ceeb11ff7	1
d47ec7e2fba47a783d15677ceeb11ff7	c1ef2d09db986afa00bde2736087c070	1
c1ef2d09db986afa00bde2736087c070	7b7022610f612556d2c453d9300d2b3d	1
7b7022610f612556d2c453d9300d2b3d	bf0b369c0f2534422faf5483936ba225	1
bf0b369c0f2534422faf5483936ba225	071ba49aebebc7296b4c1be06bdd0958	1
071ba49aebebc7296b4c1be06bdd0958	5a8a7b6d98bf7808de81faee1ebd4b67	1
5a8a7b6d98bf7808de81faee1ebd4b67	48dc8da3fdbc9fc12ec7659496feaaab	1
48dc8da3fdbc9fc12ec7659496feaaab	7bed45093d445ba46453880eb1b98f81	1
7bed45093d445ba46453880eb1b98f81	404ee88a206961201d9fb8c21e78c80b	1
404ee88a206961201d9fb8c21e78c80b	1200dd13ecf7aba10bbc1010699d47eb	1
1200dd13ecf7aba10bbc1010699d47eb	cc66d895d2741c1d13cb063c583110d8	1
cc66d895d2741c1d13cb063c583110d8	b400118af1c9bb6b58b6b4b0d6ffe77d	1
b400118af1c9bb6b58b6b4b0d6ffe77d	617a1927fc4f7f90bed9d268c3682644	1
617a1927fc4f7f90bed9d268c3682644	ed67cb2da35ced6af886985db4f72e93	1
ed67cb2da35ced6af886985db4f72e93	a41c26372da8508141611e44829a51b9	1
a41c26372da8508141611e44829a51b9	6e17ff7a42eece20c4d0d4ebb0f21676	1
6e17ff7a42eece20c4d0d4ebb0f21676	4f1cbd155334441e78e9d10c45dd396e	1
4f1cbd155334441e78e9d10c45dd396e	3b03e3fb955af79e83200fcd5de40995	1
3b03e3fb955af79e83200fcd5de40995	2a16e149e1f1c5a0946e7fd619af66dd	1
2a16e149e1f1c5a0946e7fd619af66dd	ef1faf73d7640aa14cf50bdb61cb4050	1
ef1faf73d7640aa14cf50bdb61cb4050	7c97e5007386d5561640bfd61a8ce0bf	1
7c97e5007386d5561640bfd61a8ce0bf	1b150a1f52efea1be1e6cb3e9f7158ef	1
1b150a1f52efea1be1e6cb3e9f7158ef	5c9f0594637013ef7ab9fb402f58ea31	1
5c9f0594637013ef7ab9fb402f58ea31	4e626f6bde328d7f13d224e47e905ddf	1
4e626f6bde328d7f13d224e47e905ddf	6d479bcae5897df3c69b6b9d60f5eab0	1
6d479bcae5897df3c69b6b9d60f5eab0	7f59c53c3f9270dcca4038edc94bd12a	1
7f59c53c3f9270dcca4038edc94bd12a	0f4a5cbc1fc19969a137b839bab1f8fb	1
0f4a5cbc1fc19969a137b839bab1f8fb	1b699296ba206b67cbb6f4dc6a93cbe5	1
1b699296ba206b67cbb6f4dc6a93cbe5	2f534b7ee6e4eff946a71ecc09a8fc7c	1
2f534b7ee6e4eff946a71ecc09a8fc7c	06f90bd87a765ea48c97793ad85c962b	1
06f90bd87a765ea48c97793ad85c962b	01265cf9799b60e5570c8be5599fda4a	1
01265cf9799b60e5570c8be5599fda4a	05c5852e474875a87a3e3e07fa9bf726	1
05c5852e474875a87a3e3e07fa9bf726	221b34257aee1a837b040bacbfdbf38d	1
221b34257aee1a837b040bacbfdbf38d	b7558b60f45c0b7de94b2e9f9279f8a8	1
b7558b60f45c0b7de94b2e9f9279f8a8	eb12f6455220115fe66bb62288ef92e1	1
eb12f6455220115fe66bb62288ef92e1	aa9b01d5364ced41974473630faebb3b	1
aa9b01d5364ced41974473630faebb3b	f7a727cbed748427d7b4f37bd991a071	1
f7a727cbed748427d7b4f37bd991a071	3cdaf14bed3ba7a73ff461c266573a1a	1
3cdaf14bed3ba7a73ff461c266573a1a	9ca9b53804bfc66bb6ccf1fb5da9da6b	1
9ca9b53804bfc66bb6ccf1fb5da9da6b	507b37c00eaf5ead9f78c1b33981d639	1
507b37c00eaf5ead9f78c1b33981d639	1bcca017c1f57fababb0c95abb5b31a7	1
1bcca017c1f57fababb0c95abb5b31a7	2276a25c2d4d6b2b4829e627b27a0e38	1
2276a25c2d4d6b2b4829e627b27a0e38	72fdb41f6fb8b75bd2d711266dbb97b8	1
72fdb41f6fb8b75bd2d711266dbb97b8	17d3f933c73ed0abb0ddca2f67ba2e85	1
17d3f933c73ed0abb0ddca2f67ba2e85	192ca4738309429bdf54d4bed21526dd	1
192ca4738309429bdf54d4bed21526dd	339251b28e95b271ae80d3fa6c8e34c2	1
339251b28e95b271ae80d3fa6c8e34c2	e15cc4ac4afaf63571e579e0f84485fd	1
170d9e9f3be8fe2de235f8b09d7b7e11	ff06500cf46fa87ae4bbd93e9672af8d	1
ff06500cf46fa87ae4bbd93e9672af8d	bcd30be9072430550bccd2123f156d52	1
bcd30be9072430550bccd2123f156d52	6a764d448646ac6a133f081dd95edfff	1
6a764d448646ac6a133f081dd95edfff	4bf4eb02bd90f56cdab6c2c64cb3f284	1
c8dca391829d38f42bc3304f756d1369	f491a26961a27e52922821fbba86ba1a	1
f491a26961a27e52922821fbba86ba1a	1ecfa8bc169d611ff3d559a2452ca0a5	1
1ecfa8bc169d611ff3d559a2452ca0a5	2f05dc8fed6d24f87dd71a71cb6e16c1	1
2f05dc8fed6d24f87dd71a71cb6e16c1	a18e423bd53e2e94bcbbc5b517c08c79	1
b083d44bfbb0f29b28df6b6a727c9497	301aa003eab90e1dfb228cfb9755897e	1
301aa003eab90e1dfb228cfb9755897e	1db06ec89545565c857569f95a31d8af	1
9368bef96628f8d8f61da1e0b540400d	fc89e75d7bf699a8377216abe9e075c5	1
fc89e75d7bf699a8377216abe9e075c5	9dd2d35e678214cb3ceee7c9537a13d3	1
9dd2d35e678214cb3ceee7c9537a13d3	d8a166da1664865d5fc30340584324b4	1
d8a166da1664865d5fc30340584324b4	542b3e2363f180240b84741fb6acc86d	1
d8a166da1664865d5fc30340584324b4	e29be032b373de9731b07cf23dc41516	1
9f6592246d344f62de977c0b1b42b6b0	9ea682b74a549e912e5dd3715bf33adb	1
9ea682b74a549e912e5dd3715bf33adb	ef40f70e7663b1e6492066712671c6b4	1
c04f1e11a0532e38dd954dfda66c8771	597a8a9ebfd9723df8c4087eb4ba05ce	1
597a8a9ebfd9723df8c4087eb4ba05ce	baddd498550a7a410e8d5144a8ebc4e7	1
baddd498550a7a410e8d5144a8ebc4e7	875f0ad10f3b1e0b7a4e5eb3ae634e36	1
875f0ad10f3b1e0b7a4e5eb3ae634e36	353b37825065ffd6d30e3f40f6c97417	1
4383c0dc855e806b73d38cb45c6f5de8	2c103c84cbaae3bea1058f7ecf46daf4	1
2c103c84cbaae3bea1058f7ecf46daf4	c357db395d5f64043b2e697796667b89	1
c4dfa9332f2fdaeb5c2dbcf24a040b0b	5e5578ba7333aec7cf71851e799f1223	1
5e5578ba7333aec7cf71851e799f1223	bcd9b970092381e012f1351b8e2c34d7	1
a1a374bac41c9de82897ae2d7bd66780	5eb69ffa4a2ae44a71bede4c677c46a0	1
5eb69ffa4a2ae44a71bede4c677c46a0	cc2932113ff8a6ad72027737ac97bad3	1
cc2932113ff8a6ad72027737ac97bad3	dd259bebf00f15f0ebc0015333222280	1
dd259bebf00f15f0ebc0015333222280	99975f68113e560b68aa78bd203f04d3	1
dfb260150d579ef1bef97abe3a525b73	f3e7699e1ce9819a1204fc3caa477136	1
f3e7699e1ce9819a1204fc3caa477136	f85da37b15364721408f4781eb77318a	1
1d0afc28e067629b0e60f9d79cff0729	41766ba833c161d53edde9a77951b087	1
41766ba833c161d53edde9a77951b087	2db42d76d1f16f528c6e6a4050bf7ac4	1
ab10a620b87ca93a8ec180619d94bcf5	c1a9b1f51fcfa7cd2d324bb17e7bac1e	1
c1a9b1f51fcfa7cd2d324bb17e7bac1e	c45b7ed92d9d60560c31e955ccc2adf5	1
c45b7ed92d9d60560c31e955ccc2adf5	ede6d7966e48bbc1a023e0ef019dc066	1
ede6d7966e48bbc1a023e0ef019dc066	4806e422f51b214a164a25ea052685ea	1
00e1085e59baeddef0da45f5999a9905	81d48144d60ecf6465417520aeb9d2b5	1
81d48144d60ecf6465417520aeb9d2b5	696db9f027a52457b9319c02058de3e3	1
696db9f027a52457b9319c02058de3e3	06b94783fb8402bdba9b01a32c884ed4	1
06b94783fb8402bdba9b01a32c884ed4	15fdfc9dc2dd9de8fdcdfce0947d1bad	1
06b94783fb8402bdba9b01a32c884ed4	0a9d97a4f31ff37f768093bbf6ff7984	1
29751158bf76cc7fe52afe02074f7c69	78a3e5b7b920b1d325fa9abb76411ce1	1
78a3e5b7b920b1d325fa9abb76411ce1	105652722ae8495476b10c27d8a249d5	1
1974c37c814840d4cb23b9078ce0d2fb	7d6dec8ff707e60a1a5ad229b6552f8a	1
7d6dec8ff707e60a1a5ad229b6552f8a	df1bb458fdcf7a6abb3d10ef3144211b	1
42c18eb0b9772f4f549836c04e7af3c8	51825b0e1c3fed6e26eaeb8250aa9625	1
51825b0e1c3fed6e26eaeb8250aa9625	9d0e194e64e2d48b1b95fb7f55ddbfdd	1
f56cf2eb81338bd58df1500dadb92bb0	b0369807f7427370204fba023bdcfb4c	1
b0369807f7427370204fba023bdcfb4c	220cadeaccd83f018fa4c97a06e04676	1
220cadeaccd83f018fa4c97a06e04676	a660064a7eec9eeb3bad97c7057a7760	1
a660064a7eec9eeb3bad97c7057a7760	ed4a07168db43eb53990aabfc5db2ac7	1
35fc4d81340f074142ad7220230ff3fe	28dc8b2d10cb757ecde40a527cf369b6	1
28dc8b2d10cb757ecde40a527cf369b6	cd9f1d91549968b15035dc385abe2ffb	1
e2795a131729852436d8df63aa8963cb	26736cfee3c8dac01a30ed97b1df6522	1
643599cc3c30da2112db77353c678cc0	c56d40fb189eae5cfbefe2d993e2c49c	1
c56d40fb189eae5cfbefe2d993e2c49c	d3d86d02faed9ab2b4858b832b31e6c1	1
a0d4c5cb7f5204ee69785c59ec53a71f	199310bcc624066aa72b37020092a80b	1
199310bcc624066aa72b37020092a80b	f120d38d2866dfb21bc899061a0ce815	1
6bbd217658afc04d4d2cc3f9a9e531f6	bfad4af1a15564c7011455614df4f1ff	1
bfad4af1a15564c7011455614df4f1ff	b5e370f8cecb316228961ebaa7779433	1
635e3c058c3454378151be00d4ae2d44	37f2acb5a98cef7287e0cac067a060fc	1
37f2acb5a98cef7287e0cac067a060fc	93496188c09a1c6c6cac0e0db144c66d	1
05d82f6d695982c74c1e6e8bf98e06bc	580076ff4e76f5db6eeccfdb239034e1	1
580076ff4e76f5db6eeccfdb239034e1	4923da892e3add2c32ef90e77b9d5162	1
c31a51363eff229b11a61e19cb20e2b0	cf940a6e20daab7b0a43a3debce19e66	1
cf940a6e20daab7b0a43a3debce19e66	870e55f249257981c7387ae09ebf7ee0	1
000340043a2ed29f66a9cc067914a715	18d048323f9648625966b4299cfc8d74	1
18d048323f9648625966b4299cfc8d74	32fc693fb90414ed69841c22231f0a4a	1
15994753ebb500051bdac4dc4c3478a7	ad3d39ffc8c66c8f14a7011431a49fd2	1
ad3d39ffc8c66c8f14a7011431a49fd2	059e05ac12b67dfdf61196e827f36a10	1
e4852b2b625f3963fe9aaad39bf1b6e2	a1c27365e79659b17ab95f06971f3883	1
a1c27365e79659b17ab95f06971f3883	dc80cf5c8ecdb2d544f2109786d13444	1
9fc0316779eeacae0689cb5880d648c0	8319fac0fa077db055b8d35bf765ed50	1
8319fac0fa077db055b8d35bf765ed50	3d85325bc88fefde542b6818c8a572b6	1
9ecea7c35ca238164d7c4c9549e53f61	06cda5e85f296f63d89de5ba4040b718	1
06cda5e85f296f63d89de5ba4040b718	b3e129a34f42bfa76ad8b2ff7af37fac	1
242eaf34919e00e085e646797336e25f	8a7d6f86663f8c69cc058258ef307243	1
8a7d6f86663f8c69cc058258ef307243	1aff5de16681bff1a7b0ba30fea993c3	1
1aff5de16681bff1a7b0ba30fea993c3	47b5713c0a38d7ac8b4d992a9f624c5c	1
47b5713c0a38d7ac8b4d992a9f624c5c	ca9f45801bf8c85e199ef0946fc7bbcb	1
47b5713c0a38d7ac8b4d992a9f624c5c	cde6f2d685211825c53462821a383a8f	1
2e441e2ce31fa68ae2aa434e9b70bd84	529781be4e18c10340f6741f4dbaf18f	1
529781be4e18c10340f6741f4dbaf18f	09a03228d7fe56c807eeeb07f22af553	1
cf0b6e89240dfa40142850742e30a0d9	bb674137f14b605510f7f9f21db22e58	1
bb674137f14b605510f7f9f21db22e58	357511dfe86c6a98148f993b4c8e6d3a	1
403c1e27f99e7805277b2ff71c4c4d36	2824396e8bd1ea53b1cf3686aead670d	1
2824396e8bd1ea53b1cf3686aead670d	ed0399a522c2ccff8b90e824d5003f08	1
8054b04d5335ced32e441c259bb84e01	107dbe8f38720916c5272e0a76d99977	1
107dbe8f38720916c5272e0a76d99977	222e9acedc374be4fd58e77ef691f155	1
0a8750fad4ca7ff2137dd299c068b183	97377792cfa1d0122347d5d0377619d7	1
97377792cfa1d0122347d5d0377619d7	2f21678336181e3eb001ba4f794fe95c	1
97377792cfa1d0122347d5d0377619d7	5da352b17c84099c032138e75b15532f	1
7b174e078137589610ab7dd9c8550f56	e587ae23425a48f9fae3d9527b4ed01a	1
e587ae23425a48f9fae3d9527b4ed01a	1cd28b9e5bd3fcc47a897a744ecad3d3	1
c419abb76d6bcb4bb21163c7d58782da	b1825f47c5cd351da34b7d063e83e74e	1
b1825f47c5cd351da34b7d063e83e74e	7156a7239323dddf1ada157ae53ac474	1
7f788c8e96db50d9da6362e34f02b0a4	08c5d9c10e40cc0dc9b87b256602df90	1
08c5d9c10e40cc0dc9b87b256602df90	4daeea2592b65353bcf4744830fa57fd	1
294ff831d157b15b1849cf609ce1d953	38949db631f58cab8ecf4640a70ec8a1	1
38949db631f58cab8ecf4640a70ec8a1	ee940192bc5fd4563ec2dc2f7b111666	1
ee940192bc5fd4563ec2dc2f7b111666	ff8f05e0d8c9abccb239f8e4dc3b13ff	1
ff8f05e0d8c9abccb239f8e4dc3b13ff	60bd1ecc234d22217bc8a7be0a1baac9	1
ef992bece5c85ce357319b05a6f64297	4cdbc2985ec02a2f9dc54089433cc87d	1
4cdbc2985ec02a2f9dc54089433cc87d	60e7bce3db295b7b11d0f42e439b7ac9	1
2c3c4a23e2cba31ff635543aa1723e4e	953c0e3aca56a0e2f491026d921b485c	1
953c0e3aca56a0e2f491026d921b485c	f4789f0e22915f4607b2d94f60b271e2	1
1b04e6c22a39ba0379d0b08268ee01fc	7d7a23608e6208c5114da0fd27b4e2ff	1
7d7a23608e6208c5114da0fd27b4e2ff	cc587d1f18157af995386c34a4313329	1
627737b84f0a413693b2ee30527c457d	1ced7690c3c9389f9d494a08bf3e81ca	1
1ced7690c3c9389f9d494a08bf3e81ca	75288d1b84360df75361597fa01d42e7	1
98c1571b29309bd2504aa0fd623e8868	a8d2366fdda4b23dd16bc04b6dfb5b59	1
a8d2366fdda4b23dd16bc04b6dfb5b59	bcec726fc02893cbb488a5c8d6cbeccc	1
cca94021f544e6fe25babc77d6e46e51	27544058d2593a36b4521b1a91c8f081	1
27544058d2593a36b4521b1a91c8f081	243d53db5c6b2e6aa0170a58f602f8f1	1
27544058d2593a36b4521b1a91c8f081	b747aa0ae856d2c716420c44faceb211	1
aa988de4d7ca92b0d591fe777832e3f7	07fb32f55e4b86f86fccfd9d8f4803fb	1
07fb32f55e4b86f86fccfd9d8f4803fb	a28fe99521ef1ab8fe13a44bbe488e31	1
07fb32f55e4b86f86fccfd9d8f4803fb	f1936ea3e4831d156696c38d71d57fe2	1
07fb32f55e4b86f86fccfd9d8f4803fb	3717b7606151c6ad362185c391794936	1
ff9d2bd76969b6fb1df749a6bb96f4e3	bfd9081be94deba7f8f82f19b1acc871	1
bfd9081be94deba7f8f82f19b1acc871	b1eee55213e99fdd362a03d2c8119852	1
badf796049586d825780c7fc887f99bc	76d37591b70de1cc17ce8793151e10ec	1
76d37591b70de1cc17ce8793151e10ec	9f1c74ad29a5b172e187ddfb9c96146d	1
76d37591b70de1cc17ce8793151e10ec	354210330ef6fec9a45b81bff8094090	1
76d37591b70de1cc17ce8793151e10ec	2a28f4fa0846117fe1d64b364f6d5b03	1
c30012087673a6918626ad7ef6503b52	e7154fca187ff2121d9c45d1b4a9f0dd	1
e7154fca187ff2121d9c45d1b4a9f0dd	8269365257ebc476dccdd3d848c10d8f	1
8269365257ebc476dccdd3d848c10d8f	d24ec2a052337a92ee4f12d69554841b	1
d24ec2a052337a92ee4f12d69554841b	490a49355a364c7665e561164d5a7714	1
b69d2a800d0553a36b138484424f371a	0c5a466792fac63ebea0a02fb87c5130	1
0c5a466792fac63ebea0a02fb87c5130	2f769f039e00a459e4fb9773f072327e	1
0c5a466792fac63ebea0a02fb87c5130	dfa3a648e2f852de5d3135734a6afc66	1
178a9112f3cc7be24f710fc6baa5894d	8071cc76f0f7e6820a49533207396796	1
8071cc76f0f7e6820a49533207396796	168326f01e1d21ebfabcf8ed584e3c2c	1
8071cc76f0f7e6820a49533207396796	954d885f84e1c211933c1f6f72d29314	1
8071cc76f0f7e6820a49533207396796	ea34f4981983dc0e189869dca56645fb	1
3d3dcf68c52a1a9bd2472f24281db0f8	89260bb76a31d77a4bb5d590a1b8f992	1
89260bb76a31d77a4bb5d590a1b8f992	ab08fa5a4e992bbc89e37043ae25c293	1
89260bb76a31d77a4bb5d590a1b8f992	4fc90210995629458abd63cde9724708	1
c8078d2ef38944a25faf6d07b09ab7aa	b13b924b69c890d9273285cf9563756c	1
b13b924b69c890d9273285cf9563756c	8fe839940f580279fc9cb6eb4bb72ac8	1
24fe624351da5bd2dd41697fe5f6b313	09b19c3890bee30e680694b0166b2ff9	1
09b19c3890bee30e680694b0166b2ff9	74102bc15a795923796ad12b88c2914c	1
3c47c303ad5049d3a7ecc5ab545f61bd	3bf99194420ca5ed62b52364facb1648	1
3bf99194420ca5ed62b52364facb1648	2335866856a30d7befb8318d8e016833	1
3bf99194420ca5ed62b52364facb1648	d82b1584de13d63097fb6a1b4398250c	1
3bf99194420ca5ed62b52364facb1648	89da27e8bcecf5de69a8762f58615036	1
3bf99194420ca5ed62b52364facb1648	84c70b5063ff4538163eba2b3f1ba47a	1
30cc76e554533104590b727b5e542de6	55b221beb38f5586271f0c001e1f8c12	1
44be617bc85a2c8bfb8b4e813f4734dd	2d92d718b268aa6155e57c442860f870	1
2d92d718b268aa6155e57c442860f870	b067f336ef76e02c6c3412284db7b6e6	1
2d92d718b268aa6155e57c442860f870	f254bfbe04b8c7cef8dad395cc4ae813	1
2d92d718b268aa6155e57c442860f870	5e648d7796ab5fe753e28ea9bb3bd5a9	1
2d92d718b268aa6155e57c442860f870	4b914a1b5cbf3b9465d88974a4dd0610	1
2d92d718b268aa6155e57c442860f870	96fe0fb2780be4160ef18e01f03d6c0a	1
2d92d718b268aa6155e57c442860f870	381c755df56f7017cb00cb230ceba0aa	1
2d92d718b268aa6155e57c442860f870	56c1fcece9a73a226fc260ebf7b86546	1
2d92d718b268aa6155e57c442860f870	630eb4dd15dd0b4bbc2b76d78774489b	1
2d92d718b268aa6155e57c442860f870	234869415b27025c7275f41c3fc015bf	1
2d92d718b268aa6155e57c442860f870	9e48a73c82d4a68a21ca47aa0870eb0f	1
2d92d718b268aa6155e57c442860f870	96dd269f3d8b863514b5c202cf566ae6	1
2d92d718b268aa6155e57c442860f870	c1c65a0928b0283e8547c89bc4cc3bab	1
2d92d718b268aa6155e57c442860f870	d900544177664c0ffa8a0a5be582e456	1
6326b8610fe39c62b79fb39aa81d9225	34c187c0120c93edf3f343e5e2e5afbd	1
34c187c0120c93edf3f343e5e2e5afbd	cf883ca3a68df8de67c4c9032e1c7dfa	1
8aca89e739c0dae01310b368ef543712	3053449f32a6756a4e40195badd8a65f	1
3053449f32a6756a4e40195badd8a65f	8e3c63f0adc4d377ce90abf4d0ff0a6f	1
4c16cda170f52f11a3663ef16bc0950e	a4e9da280e660d5eb090d72a74e92bff	1
a4e9da280e660d5eb090d72a74e92bff	dd08347edcc12f80b4dda854350e730e	1
a4e9da280e660d5eb090d72a74e92bff	635e4b94fb533b0326e522363a11d426	1
a4e9da280e660d5eb090d72a74e92bff	d32ba7025c5c222e28a4fca626441623	1
a4e9da280e660d5eb090d72a74e92bff	f082701e70b003953ea9ba668d3a69ed	1
a4e9da280e660d5eb090d72a74e92bff	cc1198f52076a49044f3c4bde95728da	1
a4e9da280e660d5eb090d72a74e92bff	a935a3a112880b08b4797997f484a4df	1
c7e3b1217d31cadbe37718bc313078f7	9c1d66941d39aad671d9529eb7616bf2	1
9c1d66941d39aad671d9529eb7616bf2	23c067b9d4944c1f54544a08dd022e8e	1
9c1d66941d39aad671d9529eb7616bf2	bec55184ab305511609fbd11f979b3da	1
9c1d66941d39aad671d9529eb7616bf2	bee35192d014ceb26187514af6e3b182	1
1828a611bafcfb79d6e450c21793097f	33f5f89482f915c142e02c772e760972	1
33f5f89482f915c142e02c772e760972	560b7656a9f5f3676149e79e108ebec7	1
33f5f89482f915c142e02c772e760972	d46fee7fc8b74a749d3a9c34c53beb49	1
33f5f89482f915c142e02c772e760972	07420ee73965c50a22ce63704c9773f1	1
33f5f89482f915c142e02c772e760972	d181a368030f2ade0272968dc4f68657	1
33f5f89482f915c142e02c772e760972	71667dde3de2e27cbaba01ac1e668152	1
33f5f89482f915c142e02c772e760972	4079fe3f959bcc8d7575063a564bec8b	1
845aeb2b29df9624b5acfb6664ba3fb6	304becf00511e5a4545fd807e8b3623a	1
304becf00511e5a4545fd807e8b3623a	1fec3b06d45455a145061557509ecb13	1
304becf00511e5a4545fd807e8b3623a	b1f330a94e0d02f282c257394e8fa86b	1
304becf00511e5a4545fd807e8b3623a	dc071d486b7c6a9fc217ca460aa4c3e8	1
304becf00511e5a4545fd807e8b3623a	7c529fbfb6e5f0686e7f10a70c45bdcd	1
5c6880e4dc35229d7330e5297ad6d9f7	6a8ca57fcc7f724ae2406bbd8e530d6d	1
6a8ca57fcc7f724ae2406bbd8e530d6d	3f8cb513099be889127323a8afffd23f	1
6a8ca57fcc7f724ae2406bbd8e530d6d	82174998a28ee77979e37c1666ae3970	1
63c01b200b18a181cbd8afa61b32afdf	89774997d46a78c47f9af5abf1fc4a7e	1
89774997d46a78c47f9af5abf1fc4a7e	71cf3ec1c06fc51081be3c85e5f4c6ea	1
89774997d46a78c47f9af5abf1fc4a7e	2ca79afd128de810e8c51daaf2386e48	1
89774997d46a78c47f9af5abf1fc4a7e	a33c814b24676e7dd400eb44bce1d40d	1
89774997d46a78c47f9af5abf1fc4a7e	4d8a581a2a6d4066db34e966c2c8729d	1
89774997d46a78c47f9af5abf1fc4a7e	3d7fbf837928ef8595cf2ad16caaf70e	1
89774997d46a78c47f9af5abf1fc4a7e	1bd6915eda9ef0beb24ee42993aae91a	1
89774997d46a78c47f9af5abf1fc4a7e	7335a6bbbc0080f29843c8e6a81d4eca	1
89774997d46a78c47f9af5abf1fc4a7e	e89f922dcb5090b59246286bed966998	1
89774997d46a78c47f9af5abf1fc4a7e	d4266c656e542f0bc9dd3c46a9068601	1
a90362516ab6556757ddade3247b0625	6d13463650065fb0f5b8a7fc1365a6ba	1
6d13463650065fb0f5b8a7fc1365a6ba	01515a729f3dc3df8aef899e03d18f47	1
6d13463650065fb0f5b8a7fc1365a6ba	1c9f640a27e10eefa8541b59cda0b575	1
6d13463650065fb0f5b8a7fc1365a6ba	2f3df3c8f9cb97b895f425f890efa5cf	1
6d13463650065fb0f5b8a7fc1365a6ba	2afdb02b608ff04afe8af52bf8ab12e8	1
6d13463650065fb0f5b8a7fc1365a6ba	a0edf66802c1f05f1d8b4b48d1d0af72	1
6d13463650065fb0f5b8a7fc1365a6ba	b4a8819ca178b6778ab28b2d4abdbb5b	1
0168e48929bd503d7361da93f4f583ee	8c4a80d9326dc21f2dccee83b0a5cd36	1
8c4a80d9326dc21f2dccee83b0a5cd36	b45cef5635a56721857202b6bcf71e8a	1
8c4a80d9326dc21f2dccee83b0a5cd36	353389ca35cbf9fc3abd3ec4a05dcd30	1
8c4a80d9326dc21f2dccee83b0a5cd36	d42fd338533c06d965fcd6075a4c1e67	1
8c4a80d9326dc21f2dccee83b0a5cd36	9f37b372f56b6da5715898d40315a155	1
8c4a80d9326dc21f2dccee83b0a5cd36	cf16e91efe30548758b6b7f07db23d7e	1
8c4a80d9326dc21f2dccee83b0a5cd36	ab3aeb7cb7ea8d9b1bf64eac7c4f2f7f	1
8c4a80d9326dc21f2dccee83b0a5cd36	587bdc1978ed1952f677591c5d761aef	1
8c4a80d9326dc21f2dccee83b0a5cd36	f08160b4f48d718873b6b5c9df6533f5	1
8c4a80d9326dc21f2dccee83b0a5cd36	0c104cb7eaea63abb4be4dbfc44cfbfa	1
8c4a80d9326dc21f2dccee83b0a5cd36	34967ab33db259a2018b16f4386cc77a	1
8c4a80d9326dc21f2dccee83b0a5cd36	8999d0ae9e92c6a30cf4adaac21faee7	1
8c4a80d9326dc21f2dccee83b0a5cd36	8626d574772d2de3dddd6eb164337b9f	1
8c4a80d9326dc21f2dccee83b0a5cd36	12ea59a360365a07bce57710276dd3ea	1
8c4a80d9326dc21f2dccee83b0a5cd36	146535aa4f5a3e96fd389119a1f0421e	1
397f9a81caa747378369e542fafbbba2	d5b6834e8d1c9fb68bc235d883684a6e	1
d5b6834e8d1c9fb68bc235d883684a6e	f29b84fc1701f1955f1c0c08ac59dfa4	1
d5b6834e8d1c9fb68bc235d883684a6e	3a01b32a7e731defd6bf21f6e289731d	1
d5b6834e8d1c9fb68bc235d883684a6e	b9f981b8800a3b8be66515e54a199757	1
d5b6834e8d1c9fb68bc235d883684a6e	bee847fef580bf6173a242c615a3dcd3	1
d5b6834e8d1c9fb68bc235d883684a6e	dfabce856677fa983903b7d34d382edf	1
d5b6834e8d1c9fb68bc235d883684a6e	4a5cd12c69e1b50f29f5ca3a8ed0ebe2	1
d5b6834e8d1c9fb68bc235d883684a6e	3a789bd8b8c80b857c73207a71217a4d	1
d5b6834e8d1c9fb68bc235d883684a6e	158eabba6297bced61aee2910b7365ab	1
d5b6834e8d1c9fb68bc235d883684a6e	10e38baca35e6d0a8b952e50ce8eda57	1
d5b6834e8d1c9fb68bc235d883684a6e	ec4f19c1d3b53cacbad1250dbb8d58f5	1
d5b6834e8d1c9fb68bc235d883684a6e	967ac4df84b737585cf9fec231b67617	1
b283e30b081f43b1015d2ff2de81a0d4	eda598e43254ce95c70b6ff29ac0a381	1
eda598e43254ce95c70b6ff29ac0a381	ab5aa59bc5aff7b6ac2e41ef0541971c	1
eda598e43254ce95c70b6ff29ac0a381	be1a7c1c0002f800a479e70879842cf8	1
eda598e43254ce95c70b6ff29ac0a381	eb0282421fb86308326288b40a9df885	1
eda598e43254ce95c70b6ff29ac0a381	4ec732612ec69110eb9d49cfc79e41f7	1
eda598e43254ce95c70b6ff29ac0a381	2a873070185b0626e697947613764c02	1
eda598e43254ce95c70b6ff29ac0a381	c461592e06d20ef0f43794f8b50fa47b	1
eda598e43254ce95c70b6ff29ac0a381	707df0ec8d2ca58b0f7d4805951999a4	1
eda598e43254ce95c70b6ff29ac0a381	2477f09ef8b9258b887562e83527b2e9	1
eda598e43254ce95c70b6ff29ac0a381	ba068cb76510ee23d6b76d7779f78055	1
eda598e43254ce95c70b6ff29ac0a381	16161641a257de9fd42310c5ce36a715	1
eda598e43254ce95c70b6ff29ac0a381	6c9d44c3e4026bee5b07bc022afad885	1
eda598e43254ce95c70b6ff29ac0a381	5e52512cf0dccdd10e81b0fa8ec19448	1
eda598e43254ce95c70b6ff29ac0a381	b891dd796d55a6cba920335a7a440e8d	1
eda598e43254ce95c70b6ff29ac0a381	d9a35c7a9722256353ad2a2ff4b7f244	1
eda598e43254ce95c70b6ff29ac0a381	ce7ee8d6423afd4b5e947f501f0aaa22	1
eda598e43254ce95c70b6ff29ac0a381	da4e9a41a47ed64dfb5a599343675149	1
eda598e43254ce95c70b6ff29ac0a381	3b19d9110f4e291626dc8b7fa28fa123	1
eda598e43254ce95c70b6ff29ac0a381	336ae18815fd9451f72135396536008a	1
eda598e43254ce95c70b6ff29ac0a381	c2dd49ff47f9ecd258f24d2e7a93d4e8	1
eda598e43254ce95c70b6ff29ac0a381	5f08c8167ff3226ff6cb0b396ed3b0ee	1
eda598e43254ce95c70b6ff29ac0a381	0819e4bd7134827c2a7e1257188a30cf	1
eda598e43254ce95c70b6ff29ac0a381	3f622647461f0a0cfd5676a59be66b1d	1
eda598e43254ce95c70b6ff29ac0a381	21dcb1b033d53256fbf85777cd251e2c	1
eda598e43254ce95c70b6ff29ac0a381	d97805a2066c04a287eb2517515f06aa	1
8b77702c9db93943e590563477721d4f	8bb7619974646782ca73347e3373158f	1
8bb7619974646782ca73347e3373158f	e3586bc3c125966fc11e8133035a6619	1
8bb7619974646782ca73347e3373158f	4aa15dc79962f3be9fcb019a012551e8	1
8bb7619974646782ca73347e3373158f	4d925605c22ee9a56d47e94f0a619e57	1
8bb7619974646782ca73347e3373158f	a85dccb6fce4db6ccae4d4504c75c751	1
8bb7619974646782ca73347e3373158f	b661a25708a37fd1f4a77e4364b107aa	1
8bb7619974646782ca73347e3373158f	f4eab014fe7c5e7fbc765b168561a1a3	1
8bb7619974646782ca73347e3373158f	10d0ea4ed4d7fe854c57bcb2890328a5	1
8bb7619974646782ca73347e3373158f	325dff9c6dbd5527641c8e9116609ba9	1
8bb7619974646782ca73347e3373158f	b6f123591749126c0d2140debdceb121	1
8bb7619974646782ca73347e3373158f	a02d43c1e355d1a198fef1fd800d1994	1
8bb7619974646782ca73347e3373158f	9f9e0e9f71478028678ab15b34b3e029	1
8bb7619974646782ca73347e3373158f	aee1ffdd9e673e9eaac2b7772e0fca07	1
8bb7619974646782ca73347e3373158f	e96da67e00ba878167d0a972a28cc3cd	1
8bb7619974646782ca73347e3373158f	5d7c898133f67045d75f9024d9e54696	1
8bb7619974646782ca73347e3373158f	ff11f554e1af3d9cc0d8390146bd853c	1
8bb7619974646782ca73347e3373158f	3a03ea95367e61e159cb391c99587684	1
8bb7619974646782ca73347e3373158f	0298a949ee8e731335da357fa9ddd10e	1
8bb7619974646782ca73347e3373158f	68dcdee88a4b89559a97688b3557c83e	1
8bb7619974646782ca73347e3373158f	5c958654c53f6da72be94fec86ecaecd	1
8bb7619974646782ca73347e3373158f	9741c2079d81694cd2fd7bf0e3b8a9b3	1
9741c2079d81694cd2fd7bf0e3b8a9b3	ecefc3e78442e2910d2f640ecd909ce4	1
8bb7619974646782ca73347e3373158f	fe9e30db7b0e76cabc0ab7fff0433400	1
0bab3739006a0fb8d7e18d28d7789e49	2c95f63831d978fd07a9c4e09a3d7046	1
2c95f63831d978fd07a9c4e09a3d7046	c4b4c11e66518532587ae5c107941c92	1
2c95f63831d978fd07a9c4e09a3d7046	1df8db922d9b42228eb162a2a68a33e8	1
2c95f63831d978fd07a9c4e09a3d7046	f64202a4bdf38635cfcecda5c476c06e	1
2c95f63831d978fd07a9c4e09a3d7046	d64f9c7ff95c06380d781f19119e2639	1
d64f9c7ff95c06380d781f19119e2639	f4e127f2625e89564f2e688c6a99dda2	1
f4e127f2625e89564f2e688c6a99dda2	64815f3c4eda226fed75ef83ea0fa803	1
f4e127f2625e89564f2e688c6a99dda2	1cb98b342254f78e2a4666f3319c7a93	1
f4e127f2625e89564f2e688c6a99dda2	5b005f705ef10177843541b8121fd400	1
f4e127f2625e89564f2e688c6a99dda2	f5201fdf904ed286d223ad2224aa3e3f	1
f4e127f2625e89564f2e688c6a99dda2	f67758833b666c133ac887ea420d29c1	1
f4e127f2625e89564f2e688c6a99dda2	3cad128f12f8514033ee10b22d9c71d9	1
f4e127f2625e89564f2e688c6a99dda2	e29e798bdebafa956088f13060d1270f	1
f4e127f2625e89564f2e688c6a99dda2	39bb1e294ffbcf5c9890cf57d61ed5fa	1
f4e127f2625e89564f2e688c6a99dda2	8a54e59c94a16531bde398277dbfc3c9	1
f4e127f2625e89564f2e688c6a99dda2	180978534e8d0e15bfade1a5da008b40	1
f4e127f2625e89564f2e688c6a99dda2	7099fb86eb720ab719c68bec64961e30	1
f4e127f2625e89564f2e688c6a99dda2	eccda970e85e54a1b38fbc8b1058b545	1
f4e127f2625e89564f2e688c6a99dda2	eab0240f6a0553e64b28b9330c1fc1e2	1
f4e127f2625e89564f2e688c6a99dda2	be3eaed68ebe4160b0cfd3b5f37f684d	1
f4e127f2625e89564f2e688c6a99dda2	4eda573fc22ea6e05ce352098829268c	1
f4e127f2625e89564f2e688c6a99dda2	4700b7f6c82f20ffe2974dcae93b4ecb	1
f4e127f2625e89564f2e688c6a99dda2	a3bb4647b1b21787fea40f621adf0a74	1
2c95f63831d978fd07a9c4e09a3d7046	c12b24d122868b63d1dbc8dbca807974	1
2c95f63831d978fd07a9c4e09a3d7046	212fcc90e3208fb48dcc58e5ea658812	1
2c95f63831d978fd07a9c4e09a3d7046	7b08886e2dcb95a98ca7027c58126733	1
2c95f63831d978fd07a9c4e09a3d7046	313d56725b29fc6692ee465b2517f98b	1
2c95f63831d978fd07a9c4e09a3d7046	518698751c844783cb51bc6e37950d8d	1
2c95f63831d978fd07a9c4e09a3d7046	676388ac74980c6feab623553c5560e2	1
2c95f63831d978fd07a9c4e09a3d7046	d11f46188da055a0fefbf3bf11a6b248	1
2c95f63831d978fd07a9c4e09a3d7046	f42b969eeb04561960c158802dcec908	1
2c95f63831d978fd07a9c4e09a3d7046	f7c1cef2c6ef466379710a9175b3b30f	1
2c95f63831d978fd07a9c4e09a3d7046	ca3d1c5bd1cd3f152d1742d99c7ed9fa	1
ca3d1c5bd1cd3f152d1742d99c7ed9fa	a4f662d67f8fb801320976b66cbc2a68	1
a4f662d67f8fb801320976b66cbc2a68	cfbeffe72e9bf962a043dd186e5cc73c	1
15495350cfecac3195f5393613c4f366	e31b9efddd84a243bd36bc2236ec6c4b	1
e31b9efddd84a243bd36bc2236ec6c4b	09d9193bd9dd06c3c87ba4a5a8a1a12c	1
e31b9efddd84a243bd36bc2236ec6c4b	41a22348dee3c03da6078b7c8e44a933	1
e31b9efddd84a243bd36bc2236ec6c4b	136354b484831a47ab9ceda5e90eef8a	1
e31b9efddd84a243bd36bc2236ec6c4b	6793536bb10d9621c84639af0e955f91	1
e31b9efddd84a243bd36bc2236ec6c4b	affc23da4c747f9709713cd93c4a5c42	1
e31b9efddd84a243bd36bc2236ec6c4b	eb7bd3e4ccd044d41c0d5560daba4a6a	1
e31b9efddd84a243bd36bc2236ec6c4b	26d169aadbeffcc831da68f05111c373	1
e31b9efddd84a243bd36bc2236ec6c4b	0b7315c489ebea169ab4796fc0d31df9	1
e31b9efddd84a243bd36bc2236ec6c4b	ac0ba9a3cc183e4c3a1d04c8279beff3	1
e31b9efddd84a243bd36bc2236ec6c4b	056802862dad5db1201d11a943a3d6f0	1
e31b9efddd84a243bd36bc2236ec6c4b	6dfc6f532318c457d8b0bf6747626160	1
e31b9efddd84a243bd36bc2236ec6c4b	d3372ff85bacdfdcb23d8ca99b23c7f0	1
e31b9efddd84a243bd36bc2236ec6c4b	7f2267014585d94d3bb50e1ba85bd218	1
e31b9efddd84a243bd36bc2236ec6c4b	7519b57796942d7666f4352e6784a496	1
e31b9efddd84a243bd36bc2236ec6c4b	48db996b81e51dd8f7170c65bf4e475b	1
e31b9efddd84a243bd36bc2236ec6c4b	2c34349a727838ea04ded5e50ebfb47c	1
e31b9efddd84a243bd36bc2236ec6c4b	3fb03d9a69453200b4436a4e4585ef61	1
e31b9efddd84a243bd36bc2236ec6c4b	05500944dfa05400b44a0bd06c5ed9e0	1
e31b9efddd84a243bd36bc2236ec6c4b	6e09537d380400be5ab3513f16798d8e	1
e31b9efddd84a243bd36bc2236ec6c4b	4ef4273f208c9a5367242dabd477b217	1
e31b9efddd84a243bd36bc2236ec6c4b	3f72d59d37baca932b2745b119176189	1
e31b9efddd84a243bd36bc2236ec6c4b	39cd7843f7f486caecbf425e3b3e6a8f	1
a4f662d67f8fb801320976b66cbc2a68	d030f53c64fcf529927338318af08be1	1
a4f662d67f8fb801320976b66cbc2a68	08e60fb331ea954ce331d822870359ca	1
a4f662d67f8fb801320976b66cbc2a68	15be10280790ae00fb9751e4e346c551	1
a4f662d67f8fb801320976b66cbc2a68	fb6fb7ce992faffce4bddb06a5d35ade	1
a4f662d67f8fb801320976b66cbc2a68	cb9c717251348b9f0c6e3c73371ad73d	1
a4f662d67f8fb801320976b66cbc2a68	c84fd0feece3c20603a16e3f2c03613a	1
a4f662d67f8fb801320976b66cbc2a68	7e7553cf9ff8a14e1c982bcaaa3e6892	1
a4f662d67f8fb801320976b66cbc2a68	614cf42d2ad2a76873f6c3d9f77d7872	1
a4f662d67f8fb801320976b66cbc2a68	2af290d89d8ab2c22a24fdd3c0cbdf72	1
a4f662d67f8fb801320976b66cbc2a68	97c57a6ef4d122e92e2cee371bffa6d8	1
a4f662d67f8fb801320976b66cbc2a68	87b17a0fc0834cd5ce27dd7fd5c8637e	1
a4f662d67f8fb801320976b66cbc2a68	8504c35cd3852bfcfbbe712051147b2f	1
a4f662d67f8fb801320976b66cbc2a68	f86c1b97ee3b8fe17efecc64852deb62	1
a4f662d67f8fb801320976b66cbc2a68	d160a5399dbd81f930eb2dc8a88c4176	1
a4f662d67f8fb801320976b66cbc2a68	5e15268249c530f54a0cfe67eaad4cd3	1
a4f662d67f8fb801320976b66cbc2a68	bb95f171bdc1347f2a4f1b449cb0ea5a	1
a4f662d67f8fb801320976b66cbc2a68	13b6e4e5a758473493c17351e452b968	1
a4f662d67f8fb801320976b66cbc2a68	4a991184a9327d5d70b323b8aa34df27	1
a4f662d67f8fb801320976b66cbc2a68	00f739d275ea2b277673ae2eb28348f3	1
a4f662d67f8fb801320976b66cbc2a68	d0a553db18b0bdc27c8ce396e56d9378	1
a4f662d67f8fb801320976b66cbc2a68	2bb782ab8c2e8e2d58dd2014aa63638d	1
a4f662d67f8fb801320976b66cbc2a68	947c9fb433012dc5434aefd61291aa0c	1
2c95f63831d978fd07a9c4e09a3d7046	87ec667db1dfec4b817d08ab6a09920e	1
2c95f63831d978fd07a9c4e09a3d7046	8db96ebc6a7eefbc45b567a27a5f0c8e	1
2c95f63831d978fd07a9c4e09a3d7046	0374a54033614b95d2823d9b6b67c124	1
2c95f63831d978fd07a9c4e09a3d7046	496d386d0548939cc51e528e560db088	1
496d386d0548939cc51e528e560db088	a84da764e1f9f9415373004f078b84d7	1
496d386d0548939cc51e528e560db088	8e4f2f6df8949fb6831b4954b848b535	1
2c95f63831d978fd07a9c4e09a3d7046	329b082fde38a936e61b0214f12d76da	1
2c95f63831d978fd07a9c4e09a3d7046	06ae25cf4b47a5d86afab32c3a7328fe	1
06ae25cf4b47a5d86afab32c3a7328fe	c55b7e07d6b5258395ed4bb7a3b3869f	1
c55b7e07d6b5258395ed4bb7a3b3869f	6e1f991b2f2a0633057d15156148f234	1
c55b7e07d6b5258395ed4bb7a3b3869f	76b8fa62339a43a62d82352c810abf85	1
c55b7e07d6b5258395ed4bb7a3b3869f	44503b709ed9c35cc7b8e39f55ad70c1	1
c55b7e07d6b5258395ed4bb7a3b3869f	0557b9e81117c7a52c20a15e8e9eab8b	1
c55b7e07d6b5258395ed4bb7a3b3869f	fdc753865252b5e2aa9a5f048904747a	1
c55b7e07d6b5258395ed4bb7a3b3869f	405c9477305f0d9623ea396f4e71f9b4	1
c55b7e07d6b5258395ed4bb7a3b3869f	04fd9bc083660cef1b2a7e578ba5250b	1
c55b7e07d6b5258395ed4bb7a3b3869f	875983ec2b5d78d93a7866c772cc6afa	1
c55b7e07d6b5258395ed4bb7a3b3869f	41b6cce492c4693aff03ef6c1fa0ab34	1
c55b7e07d6b5258395ed4bb7a3b3869f	c14d3ff6e673bbc63385db643e5f4ba0	1
c55b7e07d6b5258395ed4bb7a3b3869f	47757ad28a2359ed21b78664ca2152ad	1
c55b7e07d6b5258395ed4bb7a3b3869f	3a75f48bff3a2dccef6ed9ac2ed684f2	1
c55b7e07d6b5258395ed4bb7a3b3869f	1501d76dbfbd2e22de705281593145ad	1
c55b7e07d6b5258395ed4bb7a3b3869f	c2d6893f5868baed23d5eb68a0e02d11	1
c55b7e07d6b5258395ed4bb7a3b3869f	a999b90bc559b2b2c5a3fdc45c824308	1
c55b7e07d6b5258395ed4bb7a3b3869f	ba2474b36e9fa8b40daf25c74ee13145	1
c55b7e07d6b5258395ed4bb7a3b3869f	2d80f27b42a93111d0d9f66c8e5b2567	1
c55b7e07d6b5258395ed4bb7a3b3869f	20bde9e22a78400b6599861f69ef9623	1
c55b7e07d6b5258395ed4bb7a3b3869f	2342aed70a308fd6a310c0595c855042	1
c55b7e07d6b5258395ed4bb7a3b3869f	ba3ba1e3d7eb2524c976e6e85fa3402c	1
c55b7e07d6b5258395ed4bb7a3b3869f	3c717d02969ccf75e918b78fe158a340	1
c55b7e07d6b5258395ed4bb7a3b3869f	b708e914a3cfbff0830684b2eee8155a	1
c55b7e07d6b5258395ed4bb7a3b3869f	0492bf6e07d2d4cbeb51bc7ba5491232	1
c55b7e07d6b5258395ed4bb7a3b3869f	d2a6b089fd95c8be048610b30264e93b	1
c55b7e07d6b5258395ed4bb7a3b3869f	587416be12f4585c49fc8ec291b057ce	1
c55b7e07d6b5258395ed4bb7a3b3869f	b9c14915dfefc3a4bdef50d9518e09c2	1
c55b7e07d6b5258395ed4bb7a3b3869f	78bc4e1fa6671c35236ab42c6ebbc2bf	1
2c95f63831d978fd07a9c4e09a3d7046	e6b621291798015f9cb742f4cc45ad0c	1
2c95f63831d978fd07a9c4e09a3d7046	415cf842ebbd85a3e05f7316cfebe653	1
2c95f63831d978fd07a9c4e09a3d7046	ad6367ed0ef90eecf5ff71c85d475a4a	1
2c95f63831d978fd07a9c4e09a3d7046	d350b601c4f534b6267ff80e6f5020a2	1
2c95f63831d978fd07a9c4e09a3d7046	2c2d4d235667f6f9955c3117626d0151	1
2c95f63831d978fd07a9c4e09a3d7046	6afab9837a2c34db8ab34e724f88dc14	1
2c95f63831d978fd07a9c4e09a3d7046	3cce8e377a6c879f3b09562dec1f2935	1
2c95f63831d978fd07a9c4e09a3d7046	81e9a1561ff144a6448ceae03cf73c26	1
d664b445d3c66a5ac92a48f19ee83cbc	b0fccd7ee6ab69378729e31027cadf6b	1
f927d831c716f52f4cb6c12751dbe434	304a3eb1d80e6b0491aaa1264f9c42e0	1
d5b6834e8d1c9fb68bc235d883684a6e	372c9b293be9acce499f8b5baae909a4	1
d5b6834e8d1c9fb68bc235d883684a6e	d1cd0152bc4e12723b460655427a970b	1
d5b6834e8d1c9fb68bc235d883684a6e	dfd33a86714d4be35ee3dab321dd674f	1
d5b6834e8d1c9fb68bc235d883684a6e	11fd635b04eb52b64dd83bb4080fb114	1
11fd635b04eb52b64dd83bb4080fb114	885b8fa84fb11741afa69d0a3cf30e91	1
885b8fa84fb11741afa69d0a3cf30e91	a6d59f37054ae97100934450ec1a39dd	1
885b8fa84fb11741afa69d0a3cf30e91	3b69b59468c9c9dc968bc26cce31a751	1
885b8fa84fb11741afa69d0a3cf30e91	2732bfe18a17a7185a909a6e20e692cf	1
885b8fa84fb11741afa69d0a3cf30e91	8694551d58b547230df00b77d01319b4	1
885b8fa84fb11741afa69d0a3cf30e91	8b420958b57e440f0adcd3a092967e0f	1
885b8fa84fb11741afa69d0a3cf30e91	d83ba5a2e3badc29da8223be7d598102	1
885b8fa84fb11741afa69d0a3cf30e91	1e5253f3da42994c65c64596137c8973	1
885b8fa84fb11741afa69d0a3cf30e91	7338bb479758045be63048db40c8a267	1
885b8fa84fb11741afa69d0a3cf30e91	7c57bf3dbd6ce3faf5ebe3f2b1a545c9	1
885b8fa84fb11741afa69d0a3cf30e91	9e4a60f158219ce83cbd2c22fed8d5b5	1
885b8fa84fb11741afa69d0a3cf30e91	cbc1bdd3b2cc8e9ac324a73ef041be7e	1
885b8fa84fb11741afa69d0a3cf30e91	6ce04191f14da0ce7166b486c9b3f8cb	1
885b8fa84fb11741afa69d0a3cf30e91	1afdd5d316ca3f060746583d6ad31687	1
885b8fa84fb11741afa69d0a3cf30e91	58be9c744bf30e98c2b68ac0e8d41a28	1
885b8fa84fb11741afa69d0a3cf30e91	b961dff76521eb6b58f4edfb132bae3b	1
885b8fa84fb11741afa69d0a3cf30e91	88febf61d6d90f85538a1c62d0c33d00	1
885b8fa84fb11741afa69d0a3cf30e91	2d81e66759086fc938526793889cf4fb	1
885b8fa84fb11741afa69d0a3cf30e91	5eeb417bd37b097ecb0dd0019184ed02	1
885b8fa84fb11741afa69d0a3cf30e91	521c436283efb1e219d689cbb00bed93	1
885b8fa84fb11741afa69d0a3cf30e91	b187db0d8811248dceb8dd8608405a23	1
885b8fa84fb11741afa69d0a3cf30e91	3cb54c7faceb28fff81512009ad1835c	1
885b8fa84fb11741afa69d0a3cf30e91	06658443926f4dac14b7281ffb19ff26	1
885b8fa84fb11741afa69d0a3cf30e91	3cfa59c76e7d935a106edefe29a6aa08	1
885b8fa84fb11741afa69d0a3cf30e91	8244f421c9181b4e2e42564aeabae1b5	1
885b8fa84fb11741afa69d0a3cf30e91	65132d346e2782bef9015f44c37ac8ab	1
885b8fa84fb11741afa69d0a3cf30e91	4624dd2ae87bdf90f42e80441eab8942	1
d5b6834e8d1c9fb68bc235d883684a6e	0925e24878a8b5a3c9578b19306e01a5	1
d5b6834e8d1c9fb68bc235d883684a6e	a9a0f134174b0eef3ca8041fda6ff56f	1
d5b6834e8d1c9fb68bc235d883684a6e	0434c8311df75fc3085a5825d152fb0f	1
d5b6834e8d1c9fb68bc235d883684a6e	e6e62eac58960c807b67877603aaa5e0	1
d5b6834e8d1c9fb68bc235d883684a6e	d7f3966b3e5b968416bec87d3f06fa88	1
d5b6834e8d1c9fb68bc235d883684a6e	d092dad80d4ce49496be13f79c3b783e	1
d5b6834e8d1c9fb68bc235d883684a6e	f8272cca54162bcc7019407bf77a4b6d	1
d5b6834e8d1c9fb68bc235d883684a6e	a09bfc0de5fcbace784cd196c24a0c74	1
8c4a80d9326dc21f2dccee83b0a5cd36	5110dcc7ea5aa982e7745031bcbc7ff9	1
8c4a80d9326dc21f2dccee83b0a5cd36	b66770ec1d9d6feab2fe1317ff6a6668	1
8c4a80d9326dc21f2dccee83b0a5cd36	0d02fd14dd08e60571e37f4d1fcfcf88	1
8c4a80d9326dc21f2dccee83b0a5cd36	1abdc15f9a1cea691c9d57930a004923	1
8c4a80d9326dc21f2dccee83b0a5cd36	2487dc676dd6259959cc06f6e81dd4e5	1
8c4a80d9326dc21f2dccee83b0a5cd36	070ce765fb6ecf5487a2725b15ea8b62	1
8c4a80d9326dc21f2dccee83b0a5cd36	e7ad5a2dbacf03e5a66f12e8b8f24fd7	1
6d13463650065fb0f5b8a7fc1365a6ba	0c201d7d7739eb3c242a77cc7abd8c6a	1
6d13463650065fb0f5b8a7fc1365a6ba	418b99c73dbb0394ec38e157e234643e	1
6d13463650065fb0f5b8a7fc1365a6ba	9e4bc8dbe193edb3250f57fce8aaa00a	1
6d13463650065fb0f5b8a7fc1365a6ba	51abd20af0f9b4b505705004c66128cb	1
6d13463650065fb0f5b8a7fc1365a6ba	3ae036e1e5baea87a33c99f47936cac8	1
6d13463650065fb0f5b8a7fc1365a6ba	ddc2e72d4d4f57b83a801bf3bff5a669	1
6d13463650065fb0f5b8a7fc1365a6ba	3b1be620c1a97345edf604df582172f2	1
6d13463650065fb0f5b8a7fc1365a6ba	6efabcf2b9f11689c1824504c128d7d2	1
6d13463650065fb0f5b8a7fc1365a6ba	5ea55d81c4adf17396d75bca2d226bed	1
6d13463650065fb0f5b8a7fc1365a6ba	2443c711a3c3a5818d363dc9df96ec9b	1
6d13463650065fb0f5b8a7fc1365a6ba	4fb03ef350a6c6202dcf98d23790f7d9	1
6d13463650065fb0f5b8a7fc1365a6ba	35d188524dd5db28c5f9fe56a460a465	1
6d13463650065fb0f5b8a7fc1365a6ba	7e1c0d3d522504ceae4ff1c178d5c0ae	1
6d13463650065fb0f5b8a7fc1365a6ba	5dc19256b486199792ee19d2f507cdf7	1
89774997d46a78c47f9af5abf1fc4a7e	710b4cd812b1aa931b2231f49d914b74	1
89774997d46a78c47f9af5abf1fc4a7e	951a9343b83a50bccbc069181ec69f69	1
89774997d46a78c47f9af5abf1fc4a7e	c2f68db877939c8178030e289e4242ed	1
89774997d46a78c47f9af5abf1fc4a7e	585a75ac42088fb228b2c3e9f2c7bc29	1
89774997d46a78c47f9af5abf1fc4a7e	14c81e6fcd21353a9c0bfd4c3c9fe946	1
89774997d46a78c47f9af5abf1fc4a7e	0a56c46827f35fbcbb06ab5669ddf7ba	1
89774997d46a78c47f9af5abf1fc4a7e	611e4591c0a6a42726d41d248934d13f	1
89774997d46a78c47f9af5abf1fc4a7e	0a8f4263026775089db42f93a18aebfc	1
89774997d46a78c47f9af5abf1fc4a7e	e751a396fabde0367b8de5f62ee92974	1
89774997d46a78c47f9af5abf1fc4a7e	4e132b2f41fbe59dd0697bfa027dc61c	1
89774997d46a78c47f9af5abf1fc4a7e	5eff6a8aeb0ea7a056b04e08022e60ab	1
89774997d46a78c47f9af5abf1fc4a7e	a1250714639a25d5e3b7beaa179caffe	1
89774997d46a78c47f9af5abf1fc4a7e	377e9f5e782f92127d4173803ac94b52	1
89774997d46a78c47f9af5abf1fc4a7e	dee450a36010ad4833635126a4defa8e	1
89774997d46a78c47f9af5abf1fc4a7e	66477d494d36200666c1df0d87c35645	1
89774997d46a78c47f9af5abf1fc4a7e	e65068403b30f04e465b8bfbae6c3e7a	1
6a8ca57fcc7f724ae2406bbd8e530d6d	9df60574c237e280908416689ba02997	1
6a8ca57fcc7f724ae2406bbd8e530d6d	8fb700ac426c60d7c5e3c1559aed309f	1
6a8ca57fcc7f724ae2406bbd8e530d6d	32aa9138847be03636a62b1984b35059	1
6a8ca57fcc7f724ae2406bbd8e530d6d	b4296ec877a55ed3994205b5a1ed2741	1
6a8ca57fcc7f724ae2406bbd8e530d6d	3f1ac2f71612569fc62636425e92fa7e	1
6a8ca57fcc7f724ae2406bbd8e530d6d	3672f8b3046487220527452754a408d7	1
6a8ca57fcc7f724ae2406bbd8e530d6d	f59aacd6b0ed6db23d100a480f5b5017	1
6a8ca57fcc7f724ae2406bbd8e530d6d	98fcfcd4bf95196e5e9574977f06ac39	1
6a8ca57fcc7f724ae2406bbd8e530d6d	a4cfa6e95dcc90ef3dfc3dbde4e182de	1
6a8ca57fcc7f724ae2406bbd8e530d6d	e40f48a602236f66077a9ba8c87705fa	1
6a8ca57fcc7f724ae2406bbd8e530d6d	1aa64036569c7f669090b26f83e63f1c	1
6a8ca57fcc7f724ae2406bbd8e530d6d	00edabc7ff895d0a848e1c3e692b248d	1
6a8ca57fcc7f724ae2406bbd8e530d6d	a294d7cbd8a37cc55efcf6f6745958ef	1
6a8ca57fcc7f724ae2406bbd8e530d6d	0f9bfde0c78c0526b649b48133877c57	1
6a8ca57fcc7f724ae2406bbd8e530d6d	21bbbbfa766c35e72e986e9fdcdda2fb	1
6a8ca57fcc7f724ae2406bbd8e530d6d	137d886726efab14144d50e88a60a7c3	1
6a8ca57fcc7f724ae2406bbd8e530d6d	5abc15cfcaba6f620b0dc39a779ff124	1
304becf00511e5a4545fd807e8b3623a	2f33d50bd53e6477f1e360b3a1af70e9	1
304becf00511e5a4545fd807e8b3623a	cc8c213ffc884fc1ef680afb37b68e65	1
304becf00511e5a4545fd807e8b3623a	6a2188af7c3dcd27762000c029d4c359	1
304becf00511e5a4545fd807e8b3623a	1105108181fb4ebb4fd5ad61bb57eb23	1
304becf00511e5a4545fd807e8b3623a	4bae689daa6e1e8d2a7c74fd0e2dd0e2	1
304becf00511e5a4545fd807e8b3623a	51e2b2b156ea264e8c75dd1f006a0408	1
304becf00511e5a4545fd807e8b3623a	afc8df5a40ab3124a47957a793fea665	1
304becf00511e5a4545fd807e8b3623a	cf1b9e9cd74b4b21e39eefbbcdb8c071	1
304becf00511e5a4545fd807e8b3623a	dad380f44d425ef369233225bdf36bb4	1
304becf00511e5a4545fd807e8b3623a	4046ee93d90991f9e89efd7704f5b58f	1
304becf00511e5a4545fd807e8b3623a	56f49adf6beaa3d6660bbf2350b57ce7	1
304becf00511e5a4545fd807e8b3623a	13e72fbf86086d0ff32a0f81f16266c3	1
33f5f89482f915c142e02c772e760972	a9ca3261e44515c97383ef69938be68b	1
33f5f89482f915c142e02c772e760972	f0391d4db2405fff4389924abc15df23	1
33f5f89482f915c142e02c772e760972	75a2a8bad9fb59c7f623ad0fde0745f3	1
9c1d66941d39aad671d9529eb7616bf2	6905a8597703f3a36af3d66f81b6547f	1
9c1d66941d39aad671d9529eb7616bf2	ed6ef4cdb59ed1f490a090a19c53a0b9	1
9c1d66941d39aad671d9529eb7616bf2	152df350ec34b2b9e48be0569e5e2121	1
9c1d66941d39aad671d9529eb7616bf2	06532b3ea5edb707498f5bee07cabdde	1
9c1d66941d39aad671d9529eb7616bf2	b65b4a97a1b2a9ea81936f020df71db5	1
9c1d66941d39aad671d9529eb7616bf2	d7550a37399f0c925429e814416318ef	1
9c1d66941d39aad671d9529eb7616bf2	d04294276ca5c9b43edb2601a98ad7a8	1
9c1d66941d39aad671d9529eb7616bf2	44040cd5524677652735a9c06f232ef4	1
9c1d66941d39aad671d9529eb7616bf2	a40be760f650ba563a12af4ab2803309	1
9c1d66941d39aad671d9529eb7616bf2	d1449b15928840cbcd5f76dc65388385	1
9c1d66941d39aad671d9529eb7616bf2	07d955208b567496524871680b68f9ea	1
9c1d66941d39aad671d9529eb7616bf2	7c49139f2d644e4ac45fa64ce35fab7c	1
9c1d66941d39aad671d9529eb7616bf2	2f1dfee092c3cc97c4f6517a94eef3e0	1
9c1d66941d39aad671d9529eb7616bf2	a7dc9c07ac09e910dc047971023d6c80	1
9c1d66941d39aad671d9529eb7616bf2	1cd1edbe745e04e15636d427326b1be8	1
9c1d66941d39aad671d9529eb7616bf2	6696561c80d1ff7a1683f8c3f07a2fe4	1
9c1d66941d39aad671d9529eb7616bf2	4dd4e59511e5df21cf612e0444401e79	1
a4e9da280e660d5eb090d72a74e92bff	02b14d2d4e033c9410fe5be9f80ab16f	1
a4e9da280e660d5eb090d72a74e92bff	047138340fc78ea9ab652301b605217c	1
a4e9da280e660d5eb090d72a74e92bff	15e0af8bbbd4d407f36bafef56ee0504	1
a4e9da280e660d5eb090d72a74e92bff	468e4a30bec12fe9c5d2845949d6ea4c	1
a4e9da280e660d5eb090d72a74e92bff	54a68abcde624d6f058e3f9b01b1aa07	1
a4e9da280e660d5eb090d72a74e92bff	e3fd2be7fba13313ffdd596199f35688	1
a4e9da280e660d5eb090d72a74e92bff	417e40206c51366a7f20f1a64b51e062	1
a4e9da280e660d5eb090d72a74e92bff	b6368f7ac920e3a8b9988b8ab34dcb49	1
a4e9da280e660d5eb090d72a74e92bff	00a9b2664cf54dec136b61fe7a84a1f6	1
a4e9da280e660d5eb090d72a74e92bff	48d2aa4ffeaf797337ec6afb9f853b61	1
a4e9da280e660d5eb090d72a74e92bff	8ecf84afcedc8a252ef2c299adb420d4	1
a4e9da280e660d5eb090d72a74e92bff	5f127392f9aab7f6b829862d86937e5b	1
a4e9da280e660d5eb090d72a74e92bff	4082310ad2e808b7d72d63548b2231c9	1
3053449f32a6756a4e40195badd8a65f	4f4dde04778a1cd3ac46800298273fb9	1
3053449f32a6756a4e40195badd8a65f	4f7621f5880b544eced1fbf6f22d06f4	1
3053449f32a6756a4e40195badd8a65f	2a2e9c4dc88d2ed599017d4bea2395af	1
3053449f32a6756a4e40195badd8a65f	076102d7feace909dcda9faacaa183b8	1
3053449f32a6756a4e40195badd8a65f	f35cb77858c9333417a27d103a28c5a2	1
3053449f32a6756a4e40195badd8a65f	9acc41db389533f65818603b554cd84c	1
3053449f32a6756a4e40195badd8a65f	730d0f691414bddcfacdd59c05a49d5b	1
3053449f32a6756a4e40195badd8a65f	67c73aa792bd6b029a11c430fe94f1c9	1
3053449f32a6756a4e40195badd8a65f	ab60385732b955a59097a7025aa21959	1
3053449f32a6756a4e40195badd8a65f	c5f61389d6aeebc1b59be7d99951ea1e	1
3053449f32a6756a4e40195badd8a65f	6a9b95901614e3ddf1ea25911bc5d729	1
3053449f32a6756a4e40195badd8a65f	f85f6bd78eed326dcc89986e01fedfe1	1
3053449f32a6756a4e40195badd8a65f	14dffe13ceeb7e40cac831282e63c56e	1
3053449f32a6756a4e40195badd8a65f	035a2db81604bfcd58c5ddfc15506006	1
3053449f32a6756a4e40195badd8a65f	a2615c3a45b4ea78f9257972eb20e39a	1
3053449f32a6756a4e40195badd8a65f	d6cd7cc005ed1a32a35d1e090d65c180	1
3053449f32a6756a4e40195badd8a65f	e17a637f2ea377f22840be60cf1a1d4a	1
3053449f32a6756a4e40195badd8a65f	0e67a21d619cefe0b3b741d901ac3c51	1
6cda1c2d8a6271a0fcab728c321f119e	6e476b7e2de5c9c2492d8cac10bba8d2	1
6e476b7e2de5c9c2492d8cac10bba8d2	7aae32685133bbc573f61b22a4cb52af	1
6e476b7e2de5c9c2492d8cac10bba8d2	6a9713c79c144fd10717053f7a1a3577	1
6e476b7e2de5c9c2492d8cac10bba8d2	b799066a5a674d8cf03d14b33141df6f	1
34c187c0120c93edf3f343e5e2e5afbd	031ca4db6a393fcdc7d258c21f7fd564	1
34c187c0120c93edf3f343e5e2e5afbd	bc07deaf59f5b56d365731253999179e	1
34c187c0120c93edf3f343e5e2e5afbd	95eabf71dbe57c02f2c386d3abc70b95	1
34c187c0120c93edf3f343e5e2e5afbd	df3c83226717ec6bd0c3292f80248d52	1
34c187c0120c93edf3f343e5e2e5afbd	a2e40e94bcf0c7271734cf54172884f0	1
34c187c0120c93edf3f343e5e2e5afbd	9580a8597e2c8ecd7c7cb66b19b20c3c	1
34c187c0120c93edf3f343e5e2e5afbd	70c0feba7bae21a65c7ce14c55f6bd1b	1
34c187c0120c93edf3f343e5e2e5afbd	7689d202876de5918108c04d231c0fe4	1
34c187c0120c93edf3f343e5e2e5afbd	9495268b1b9564cbf162a7dfced0552d	1
34c187c0120c93edf3f343e5e2e5afbd	860ac85abab9308c39d205fd7e1faec1	1
34c187c0120c93edf3f343e5e2e5afbd	a229cd59881b81eb529f95cbad5d592a	1
34c187c0120c93edf3f343e5e2e5afbd	f1169eabf14e14a18555dc9e02470854	1
34c187c0120c93edf3f343e5e2e5afbd	12e617c558ddc01f5428c0bc3beea783	1
34c187c0120c93edf3f343e5e2e5afbd	b8b63894ed09bcdb642137775779c6af	1
34c187c0120c93edf3f343e5e2e5afbd	b2ae779724f649f71bcef75e6f5274a6	1
34c187c0120c93edf3f343e5e2e5afbd	b687ab2f3da425cdc6d573c246f74c20	1
34c187c0120c93edf3f343e5e2e5afbd	a1953154a512b9b9a11151d757f4fa58	1
34c187c0120c93edf3f343e5e2e5afbd	97f3b67269e9a7a660f88a5183a5619b	1
34c187c0120c93edf3f343e5e2e5afbd	7687ab696d702b8673e60cf30420de52	1
2d92d718b268aa6155e57c442860f870	dc310ae599e5546c2da5824afff34677	1
2d92d718b268aa6155e57c442860f870	b660966165d01f30ee32b68429d0bb38	1
2d92d718b268aa6155e57c442860f870	69e820b4bd68bf967330019a9a8fee94	1
2d92d718b268aa6155e57c442860f870	3b00c8f1577bce34bb6625951bf8bbfd	1
2d92d718b268aa6155e57c442860f870	595f18f4e3d0ac3d93d7a5f09468472d	1
2d92d718b268aa6155e57c442860f870	3fdd44057ec42723c311a1dd2ffdc01b	1
2d92d718b268aa6155e57c442860f870	695db88d532a238f41026a9d5717ac4f	1
2d92d718b268aa6155e57c442860f870	0fcccf2f6c9dcdd0e0e04b94aaa7d111	1
2d92d718b268aa6155e57c442860f870	3c52e35d8b928f06d59cadfe1c829646	1
3bf99194420ca5ed62b52364facb1648	9f9d9aff0de37cda9c5ed914bb7d179d	1
3bf99194420ca5ed62b52364facb1648	f40ca69ad4a01b01518ff9dbf98ea943	1
3bf99194420ca5ed62b52364facb1648	5d12110a062c97c771dc0830874a5fb2	1
3bf99194420ca5ed62b52364facb1648	2c65ff268b9c27fc6552412d0c83ca17	1
3bf99194420ca5ed62b52364facb1648	f01f9e8f3b14d538d1f5ff70d47b29ba	1
3bf99194420ca5ed62b52364facb1648	2138d8c3c1ad534894ad8c3794b9a103	1
3bf99194420ca5ed62b52364facb1648	5122f35f37c71ec4515fe08d63b2e098	1
3bf99194420ca5ed62b52364facb1648	9b7de92def4a18d95e20026101941c3b	1
3bf99194420ca5ed62b52364facb1648	b89d0901b2f7cfd6f23daa2dda59e17d	1
3bf99194420ca5ed62b52364facb1648	1a44665640d7d6251589c7aa041c8a21	1
3bf99194420ca5ed62b52364facb1648	996d995c88344023fdd661edd095a129	1
3bf99194420ca5ed62b52364facb1648	a60f67e1e801d509e32c031a91f9fd23	1
09b19c3890bee30e680694b0166b2ff9	72f495fd04456785b680932e8a21261d	1
09b19c3890bee30e680694b0166b2ff9	5cf9832a4c5e8ea120de7ac45fe7720b	1
09b19c3890bee30e680694b0166b2ff9	2affac887c7f018baa5fe9742bbfc749	1
09b19c3890bee30e680694b0166b2ff9	53631f2a1bdc5390652652c5560656da	1
09b19c3890bee30e680694b0166b2ff9	f43ec101e246a737a5c22386ed7b890e	1
09b19c3890bee30e680694b0166b2ff9	80a9604c9b4968759575cf3188c15ea6	1
09b19c3890bee30e680694b0166b2ff9	dc8c1921244f608e50c2de9507cabfb3	1
09b19c3890bee30e680694b0166b2ff9	63f641e9b93708b3a6a4361d2c355a6b	1
09b19c3890bee30e680694b0166b2ff9	be4c0c65eafe431e931367f2c7de49fa	1
09b19c3890bee30e680694b0166b2ff9	9146ec0409d017c8479ed4189b10705e	1
b13b924b69c890d9273285cf9563756c	09d5deb3cd21a5c092f5b66640dfb2c0	1
b13b924b69c890d9273285cf9563756c	1e2c1de7951e8186e706d40dcbcce04f	1
b13b924b69c890d9273285cf9563756c	a0d603942b971462f48e52f7a834f7d6	1
b13b924b69c890d9273285cf9563756c	28741435aee2cddda078c3a7e89d1476	1
b13b924b69c890d9273285cf9563756c	6494710209da66f7b9eb4ae795c56c16	1
89260bb76a31d77a4bb5d590a1b8f992	6f81cf9c5e478ce6ac4936e54c7df611	1
89260bb76a31d77a4bb5d590a1b8f992	12acf09f1251e7d9b0767a784f0d5185	1
89260bb76a31d77a4bb5d590a1b8f992	9f0f8319886c33a64cd999c878e5f15a	1
89260bb76a31d77a4bb5d590a1b8f992	a2840f917d3247a2627fbaf4998ad864	1
89260bb76a31d77a4bb5d590a1b8f992	f600d0ebdced1f6e8bb038a73b9cf9b0	1
89260bb76a31d77a4bb5d590a1b8f992	5ab8cefac274a0c2fc23fcc7f5b9bf3f	1
89260bb76a31d77a4bb5d590a1b8f992	5f1d6b3fdfcfeee28ed3be40bf29c3ea	1
89260bb76a31d77a4bb5d590a1b8f992	778bf9b4ea441c199c6ddf0dc473321f	1
89260bb76a31d77a4bb5d590a1b8f992	ba72a38fef924e51af578b8cca6c2c62	1
89260bb76a31d77a4bb5d590a1b8f992	69901814c92de3574ac1edf1f1679973	1
89260bb76a31d77a4bb5d590a1b8f992	c5e091b522dca3bd7535a4961bfc7b17	1
89260bb76a31d77a4bb5d590a1b8f992	88e823fbcfa66281979dce46cfc38ec0	1
89260bb76a31d77a4bb5d590a1b8f992	a8ecec1b062eeb4dd311e50e5bec6302	1
89260bb76a31d77a4bb5d590a1b8f992	39185c16355dc76d64615ba17df38bf1	1
89260bb76a31d77a4bb5d590a1b8f992	8bc5947055c095130a2d4c23aaff3495	1
89260bb76a31d77a4bb5d590a1b8f992	d85fa5e7fce9100f669d65ce32089a3c	1
89260bb76a31d77a4bb5d590a1b8f992	8e218f31131ed80990109e324b55b667	1
89260bb76a31d77a4bb5d590a1b8f992	32147bfde68a4098e590540c2d1bb614	1
89260bb76a31d77a4bb5d590a1b8f992	ee6218ab11e40659bfb85cad39c7ff5e	1
8071cc76f0f7e6820a49533207396796	8d4b99bfc3922ac56c838ee218102ab5	1
8071cc76f0f7e6820a49533207396796	d5eff4be42e9ebefedb36ce8928cd9b9	1
8071cc76f0f7e6820a49533207396796	b48bd0c4294c5f4453f3863fd1327982	1
8071cc76f0f7e6820a49533207396796	16d3cd289717d3fc6572f3f4aca2920e	1
8071cc76f0f7e6820a49533207396796	c87836adc38119fcc9be32cc337b683b	1
8071cc76f0f7e6820a49533207396796	5a11de5a48acc9c7614e704ca7ffa13a	1
8071cc76f0f7e6820a49533207396796	1f7537945e46247a5d526f0c57e097ce	1
8071cc76f0f7e6820a49533207396796	dcec1b281167bd4fbef0569d03af6655	1
8071cc76f0f7e6820a49533207396796	bcd489cd5b7cde4d831d268f776253b1	1
8071cc76f0f7e6820a49533207396796	d399c8c95bdb9d5f909072594a4c2575	1
8071cc76f0f7e6820a49533207396796	4421320d9bf9fd0fec3d4de483f4ec34	1
0c5a466792fac63ebea0a02fb87c5130	5bab6a90e168bceb898f3e8731f6f2df	1
0c5a466792fac63ebea0a02fb87c5130	1869d6e5144cf4b14192157bb327800c	1
0c5a466792fac63ebea0a02fb87c5130	793b545aca00b286d400f6e64972f72c	1
0c5a466792fac63ebea0a02fb87c5130	4475013cede7539107418884b783b635	1
0c5a466792fac63ebea0a02fb87c5130	86c39a80876b149085a9d9e045b35c13	1
0c5a466792fac63ebea0a02fb87c5130	9ffcb237e90479bc060aced127363076	1
0c5a466792fac63ebea0a02fb87c5130	8f11e22c1dde129ad43eb63117700b0b	1
d24ec2a052337a92ee4f12d69554841b	78f4a5d65008df6a105244b2081d3652	1
d24ec2a052337a92ee4f12d69554841b	dc88af47c21da41da89897f40161ccac	1
d24ec2a052337a92ee4f12d69554841b	37b3416f6c34c36e2b1e20d72a5bcffb	1
d24ec2a052337a92ee4f12d69554841b	0ce5edce654f3a256472904df4679c85	1
d24ec2a052337a92ee4f12d69554841b	4e6d8c356f9f954914047d562d9b05af	1
d24ec2a052337a92ee4f12d69554841b	7faf4b67dc9aae02314885b952fae905	1
d24ec2a052337a92ee4f12d69554841b	2e6dfe758c9113f5f6077cf91a581769	1
d24ec2a052337a92ee4f12d69554841b	10555a97778ec6bb5f795cac17c58572	1
d24ec2a052337a92ee4f12d69554841b	c0b2e6830e8f43218ce36e992d6f80ba	1
d24ec2a052337a92ee4f12d69554841b	c6f6a08e1fd13d9957a4efc8e8552fdd	1
d24ec2a052337a92ee4f12d69554841b	48b333d46bd6c6c856ff6187edb8e913	1
d24ec2a052337a92ee4f12d69554841b	aaf3704ba9f8f2d585aaf4721ea81408	1
d24ec2a052337a92ee4f12d69554841b	005ac6f5253b880f5844049271925f5a	1
d24ec2a052337a92ee4f12d69554841b	f542b457700f0649e60ac1a6e8e7be65	1
d24ec2a052337a92ee4f12d69554841b	391f8f5454ffe97faea86617f19dfc9e	1
8269365257ebc476dccdd3d848c10d8f	f32cafa483e5191cddc62f8e600d8f7c	1
f32cafa483e5191cddc62f8e600d8f7c	900241799b6f2ba95cf8cfae005a8e37	1
f32cafa483e5191cddc62f8e600d8f7c	faa34255a1c42a3d5f4bb8975727f22d	1
e7154fca187ff2121d9c45d1b4a9f0dd	17d6952c980708526100989676700f8d	1
e7154fca187ff2121d9c45d1b4a9f0dd	e84943d65d72e9329094b63eee66a614	1
e7154fca187ff2121d9c45d1b4a9f0dd	e35124df7a2bc1d09985f75900abc816	1
e7154fca187ff2121d9c45d1b4a9f0dd	8dd663e5a6839ca89f9abb28b859273c	1
e7154fca187ff2121d9c45d1b4a9f0dd	fea6617b96aa5001cc15278798cb9fad	1
e7154fca187ff2121d9c45d1b4a9f0dd	5c27cb691487a6c34002eacb3c62624e	1
e7154fca187ff2121d9c45d1b4a9f0dd	acbbd0c13bc442d3d38792fe1acddaf7	1
e7154fca187ff2121d9c45d1b4a9f0dd	a4eb34c0edd0394d7d460518d05f9a8a	1
76d37591b70de1cc17ce8793151e10ec	c47816fbd205c28695ebe36948f12bba	1
76d37591b70de1cc17ce8793151e10ec	35fdf413ec75de3dab4969289bb8805a	1
76d37591b70de1cc17ce8793151e10ec	3a26738cb479d25ab69b193a83013081	1
76d37591b70de1cc17ce8793151e10ec	d490f8cd9df93569143d037169011d9d	1
76d37591b70de1cc17ce8793151e10ec	6fb0d8378b2abb6a7f81fcb3cb4a84ef	1
76d37591b70de1cc17ce8793151e10ec	61619aa28b51d4b136f0bf57063334ad	1
76d37591b70de1cc17ce8793151e10ec	811a2f028afded7850106f716a089b81	1
76d37591b70de1cc17ce8793151e10ec	7eaf49a92a0dd9e57fb1368999fba490	1
76d37591b70de1cc17ce8793151e10ec	b1dc29006bd7287a467878d0d4d4c439	1
76d37591b70de1cc17ce8793151e10ec	33376ee2d97c19f4b24330edd3e39236	1
76d37591b70de1cc17ce8793151e10ec	a5207c7cd0a87f2771424347d352400c	1
76d37591b70de1cc17ce8793151e10ec	2d13dd8bfa167a3fc13d3cfdd283aaa7	1
76d37591b70de1cc17ce8793151e10ec	a148e0971e8572e0c65498f75159af3b	1
bfd9081be94deba7f8f82f19b1acc871	1d46cb24481ed979fbcb115e2c1bf941	1
bfd9081be94deba7f8f82f19b1acc871	c24b754095c442eb12d715d9544cf52d	1
bfd9081be94deba7f8f82f19b1acc871	ab625dfd73f4c2eb8a9c6306d50012be	1
bfd9081be94deba7f8f82f19b1acc871	781e002e880b683cdc0a6f78a0f057a2	1
bfd9081be94deba7f8f82f19b1acc871	85a495e486d3c93d7de164be888ffe53	1
bfd9081be94deba7f8f82f19b1acc871	529bd4319e22bae05c831e456b621023	1
bfd9081be94deba7f8f82f19b1acc871	095bddc81b1736033064d255bf1a00ef	1
bfd9081be94deba7f8f82f19b1acc871	542a8eedee07a047debcff050af5a8d9	1
bfd9081be94deba7f8f82f19b1acc871	9a05ad5e68dfbe06a47fd89d0c3552ae	1
bfd9081be94deba7f8f82f19b1acc871	39f049b4d214980fc6c05351f7b15ba2	1
bfd9081be94deba7f8f82f19b1acc871	9e6898df01af16d7936d2831b3db0b94	1
bfd9081be94deba7f8f82f19b1acc871	1fec4a1aabe8950975f2c60e3d56c814	1
bfd9081be94deba7f8f82f19b1acc871	8e464d136495107fa5262954f7720e58	1
bfd9081be94deba7f8f82f19b1acc871	1fbcccac3d24d8906fbe1e432cf58967	1
bfd9081be94deba7f8f82f19b1acc871	850549984ec18e21200ffe38ae9d935e	1
bfd9081be94deba7f8f82f19b1acc871	b627d6e754d3049422262fa6eeb861ac	1
bfd9081be94deba7f8f82f19b1acc871	98a45e4308adccef1aaafd165c783b94	1
bfd9081be94deba7f8f82f19b1acc871	47baca8af0d716b713d363bfb9793dfe	1
bfd9081be94deba7f8f82f19b1acc871	ad877c8e25c0e95b1dbc04a5eb730914	1
bfd9081be94deba7f8f82f19b1acc871	407f59c2082fcd2ae6c9d066024461de	1
bfd9081be94deba7f8f82f19b1acc871	4fa2a5e70e9077d94f2c7daee51c4b65	1
07fb32f55e4b86f86fccfd9d8f4803fb	47693a0d5963eea543e15c763e01c7db	1
07fb32f55e4b86f86fccfd9d8f4803fb	a7d1455bc36bd230f16f3860a71cc632	1
07fb32f55e4b86f86fccfd9d8f4803fb	a1fdd72130b9d0cd2884b1837533441c	1
07fb32f55e4b86f86fccfd9d8f4803fb	dcb6de527059a067c99cfbb21647b410	1
07fb32f55e4b86f86fccfd9d8f4803fb	1da2a864de3f204116c64aef1d01fb07	1
07fb32f55e4b86f86fccfd9d8f4803fb	239247c1cdaca9aafa801f788ba11f7b	1
07fb32f55e4b86f86fccfd9d8f4803fb	8f222c21b9345450fb5009fdada10c65	1
07fb32f55e4b86f86fccfd9d8f4803fb	24222c0c6b4947b9a2bef9011408fc49	1
27544058d2593a36b4521b1a91c8f081	e9eae10ca3715fab226a90e937adcfc8	1
27544058d2593a36b4521b1a91c8f081	3833a5673a238c48b482860c76af2237	1
27544058d2593a36b4521b1a91c8f081	44a9f34d643e9bb09ab2f573ddfb53bd	1
27544058d2593a36b4521b1a91c8f081	8c55a3974496d242247eace27e964cbd	1
27544058d2593a36b4521b1a91c8f081	ac384fcf80405518d52343ec72e40c98	1
27544058d2593a36b4521b1a91c8f081	58a1584889549e9c4a5fd92ef687652f	1
27544058d2593a36b4521b1a91c8f081	8774c73e69aabb85ded70c3a57cc4e92	1
27544058d2593a36b4521b1a91c8f081	8f8e50b4af413f35a493f732390dea2a	1
27544058d2593a36b4521b1a91c8f081	1a9532fa7196f859e253700d5cd2a830	1
27544058d2593a36b4521b1a91c8f081	fb79ad194b3363a83a33e9d996dabee4	1
27544058d2593a36b4521b1a91c8f081	1894b1db70e94ab3657d60777193d2fc	1
27544058d2593a36b4521b1a91c8f081	fd178b18e078b9931905ec88a8af45ef	1
27544058d2593a36b4521b1a91c8f081	44d8793d3eb6063e5eb7cd73d8b4f05d	1
a8d2366fdda4b23dd16bc04b6dfb5b59	332796fc560e26795f2be07d9b0380ea	1
a8d2366fdda4b23dd16bc04b6dfb5b59	7133ce31183412e223513a3f97f79d83	1
a8d2366fdda4b23dd16bc04b6dfb5b59	6cd0b5ba7086ddc24c8de906598517a5	1
a8d2366fdda4b23dd16bc04b6dfb5b59	f3a13bec8e7c615a8cea0188b210094f	1
a8d2366fdda4b23dd16bc04b6dfb5b59	2a992226c77a9b23ecb8d82e61cf6c1b	1
a8d2366fdda4b23dd16bc04b6dfb5b59	d7646530c19d2cb1e40eec048e66f9ab	1
a8d2366fdda4b23dd16bc04b6dfb5b59	9a87c3720c78fcdc29a340698d089e83	1
a8d2366fdda4b23dd16bc04b6dfb5b59	0fb15b473e0e9edb662e92526cb78ed5	1
a8d2366fdda4b23dd16bc04b6dfb5b59	5ea51bd2bcae06e668b33da1b497ddd9	1
a8d2366fdda4b23dd16bc04b6dfb5b59	6c92857a3757761b034b1227681328d7	1
a8d2366fdda4b23dd16bc04b6dfb5b59	fbffa491b127507dbe36a325a07c3f2e	1
a8d2366fdda4b23dd16bc04b6dfb5b59	80c0819609cac7df5842c3a7c5b150ff	1
a8d2366fdda4b23dd16bc04b6dfb5b59	5d830ccc1d89eb86d41ff4586218ed90	1
1ced7690c3c9389f9d494a08bf3e81ca	8c9b1a3f7af1f8a44f226614d07686ce	1
1ced7690c3c9389f9d494a08bf3e81ca	29baa39479c07644d082007dd8c05ce3	1
1ced7690c3c9389f9d494a08bf3e81ca	5f2c98a89edee964af4493d785beb369	1
1ced7690c3c9389f9d494a08bf3e81ca	8576ed1a1a50f8af5f81275d10a02c27	1
1ced7690c3c9389f9d494a08bf3e81ca	c84d87e10f99369dfbe1c194c8ccbfe8	1
7d7a23608e6208c5114da0fd27b4e2ff	0cf2a8e93024d1cdb66b78b1b27eff99	1
7d7a23608e6208c5114da0fd27b4e2ff	bf3750a7ff27511297b22e4fab0f45d2	1
7d7a23608e6208c5114da0fd27b4e2ff	788f4419b668d8ce6dc03ec9ef683307	1
7d7a23608e6208c5114da0fd27b4e2ff	cdedf8a64eb3cae5adb47d5f2ffaaefb	1
7d7a23608e6208c5114da0fd27b4e2ff	13acfc08847324805c8a7828c77f2dcb	1
7d7a23608e6208c5114da0fd27b4e2ff	740b7e5242ffbed2241d47fa288b163c	1
7d7a23608e6208c5114da0fd27b4e2ff	b559e57a4a40f89750b3b864d8fd4481	1
953c0e3aca56a0e2f491026d921b485c	c4af09bda69f9bb2a8a2d80f372e3467	1
953c0e3aca56a0e2f491026d921b485c	3bf10a70384adc9b6b12ca30cc8bb394	1
953c0e3aca56a0e2f491026d921b485c	6b121c084cb2f9b2fee186296b3f74d9	1
953c0e3aca56a0e2f491026d921b485c	a87b7586a6efec61b913d157d9d74e7c	1
953c0e3aca56a0e2f491026d921b485c	86123fbbdbc107988aa2c3dbfd5efc39	1
953c0e3aca56a0e2f491026d921b485c	d5707a46f8e7938d6796cb9d1dbe0f89	1
953c0e3aca56a0e2f491026d921b485c	604e1b73dd52c7868c09cd02ef2c022c	1
953c0e3aca56a0e2f491026d921b485c	662a885cd5e4e18ed4e27cf310ee7445	1
953c0e3aca56a0e2f491026d921b485c	aef54c75701832d4981144a6ebbee3e7	1
953c0e3aca56a0e2f491026d921b485c	f4679337488d05a7f46d471af188c2e8	1
953c0e3aca56a0e2f491026d921b485c	00f987baf70a891bf93c3c8b3665725b	1
4cdbc2985ec02a2f9dc54089433cc87d	b472caba1994acac7045b48ea9f8c135	1
4cdbc2985ec02a2f9dc54089433cc87d	824f7657f32051772d98b81aa7e9c449	1
4cdbc2985ec02a2f9dc54089433cc87d	66b30112ad2470ad18805bc6794c0d38	1
38949db631f58cab8ecf4640a70ec8a1	a5715d9d09552700a75a328f98e948b5	1
38949db631f58cab8ecf4640a70ec8a1	bf8d338b2e3232e671c26f1b3ac2cad1	1
38949db631f58cab8ecf4640a70ec8a1	57bf799b9a4a04a2dccffe9118176bc4	1
38949db631f58cab8ecf4640a70ec8a1	9bc5c52f63ffaf7fba9fa01118c793ce	1
38949db631f58cab8ecf4640a70ec8a1	3b0ef6298a2f5e324ef587e5b21419f1	1
38949db631f58cab8ecf4640a70ec8a1	b1674404f3a099f9865ca337bdb8f763	1
38949db631f58cab8ecf4640a70ec8a1	47bbb79f7ae3f14b181feea5b27d5564	1
38949db631f58cab8ecf4640a70ec8a1	8d0ac4916276138fa65ff6902b73ea2c	1
38949db631f58cab8ecf4640a70ec8a1	b2524df2b12c51e7db729132451b3e6b	1
38949db631f58cab8ecf4640a70ec8a1	d138088ee2f87dd8825a30afaf1897cf	1
38949db631f58cab8ecf4640a70ec8a1	f64ee62c58f9d4c620e133d604b3a6ae	1
08c5d9c10e40cc0dc9b87b256602df90	462fc20b0142721f92e175566823e76d	1
08c5d9c10e40cc0dc9b87b256602df90	b9c68dd6cc71eaa2a92dbde5b575f7f8	1
08c5d9c10e40cc0dc9b87b256602df90	10bcf9f54ef199848d16848421f3ca9e	1
08c5d9c10e40cc0dc9b87b256602df90	4e8704476ff41bff1620ed9ae639a27c	1
08c5d9c10e40cc0dc9b87b256602df90	0b85ee24bd6b9a4e750eebaddabb9b46	1
b1825f47c5cd351da34b7d063e83e74e	f11322b812380c485ce59a23ba4b1720	1
b1825f47c5cd351da34b7d063e83e74e	424ad274f299617f481001754b9bdba4	1
b1825f47c5cd351da34b7d063e83e74e	e512b2688a386ed4f9de2745f0e0a51a	1
b1825f47c5cd351da34b7d063e83e74e	23b7b33b6cc25c3e53ccb424cd434cda	1
b1825f47c5cd351da34b7d063e83e74e	7659f22ed9cbbd8d52b65f6a528f5493	1
b1825f47c5cd351da34b7d063e83e74e	cea6c797781382d6b7bf36bf16dcb56d	1
b1825f47c5cd351da34b7d063e83e74e	c3b49433d9e2263b4d0b66a9a64032ee	1
b1825f47c5cd351da34b7d063e83e74e	55306d7b57e4a3b749cc34872de2006f	1
e587ae23425a48f9fae3d9527b4ed01a	4eb78c518c2b99d34098669e6800247e	1
e587ae23425a48f9fae3d9527b4ed01a	5334f73494aa96d12f701705202312e9	1
e587ae23425a48f9fae3d9527b4ed01a	43a084b2da44de0ec8563737bc176cf5	1
e587ae23425a48f9fae3d9527b4ed01a	7ffd9739c1aab615d352c24edf509dc2	1
e587ae23425a48f9fae3d9527b4ed01a	274cdb47118fde5196e131622a93ca1e	1
e587ae23425a48f9fae3d9527b4ed01a	4e9ff673aa284319070a0e64d2991db0	1
e587ae23425a48f9fae3d9527b4ed01a	ff063a110c03e06c0bdf773b60361cef	1
e587ae23425a48f9fae3d9527b4ed01a	3d95f8e2f4c66bf496078ee494789de3	1
e587ae23425a48f9fae3d9527b4ed01a	e14991f09a62902f59877aa64fa56d65	1
e587ae23425a48f9fae3d9527b4ed01a	488fc0401791a30ff3c1e99a1778b71a	1
e587ae23425a48f9fae3d9527b4ed01a	1903c6c96e027202a14c3d40d4b828bc	1
e587ae23425a48f9fae3d9527b4ed01a	0681b7d6a5790411b6648761f9069f76	1
97377792cfa1d0122347d5d0377619d7	c57f7e533f5c05bb7684b93d1b08c2a0	1
97377792cfa1d0122347d5d0377619d7	ce94be8199d7f9ad51218db79a0c862e	1
97377792cfa1d0122347d5d0377619d7	676612a2ef7ef448b26b53fd88440a40	1
97377792cfa1d0122347d5d0377619d7	d8224569346737e7a92d9ca1ed72aa5e	1
97377792cfa1d0122347d5d0377619d7	70ad9670cd448db6c5be3ba25a75508d	1
97377792cfa1d0122347d5d0377619d7	3880af6f7053d4af8b63d44435ef50cc	1
97377792cfa1d0122347d5d0377619d7	5dd35579e2a665a90baa74e3c92b9e8c	1
97377792cfa1d0122347d5d0377619d7	6336e81c2716b727a94d7ba3d3cb90e6	1
97377792cfa1d0122347d5d0377619d7	3938aa3eb00ec8982ab1ceeaf2c081f3	1
97377792cfa1d0122347d5d0377619d7	678cf60d845a2e31a58233ed9a58bcee	1
97377792cfa1d0122347d5d0377619d7	b6d4ebc1605546389ef5705eb3752401	1
97377792cfa1d0122347d5d0377619d7	c5932307874956576f6541bbb9c7e1f3	1
97377792cfa1d0122347d5d0377619d7	e65c8da064dc2098c37be32feef8f40a	1
97377792cfa1d0122347d5d0377619d7	035e88ff922c69a43e606be287be09c4	1
107dbe8f38720916c5272e0a76d99977	f4668df6827c582d4be70a8658cd2826	1
107dbe8f38720916c5272e0a76d99977	c69a001f699e3f140c966e8bf0d76398	1
107dbe8f38720916c5272e0a76d99977	c3f396322c59a017b56252f9f8078479	1
107dbe8f38720916c5272e0a76d99977	ff3bca5463c32bcf184160ccadcc5382	1
107dbe8f38720916c5272e0a76d99977	0a7f6c8e00f5b12636cd2fed1736f390	1
107dbe8f38720916c5272e0a76d99977	6f7c2b78ec2e7f545104c371efbad399	1
107dbe8f38720916c5272e0a76d99977	13a756f8c06bfb0d8da7d30f1007de41	1
bb674137f14b605510f7f9f21db22e58	4d33b48b8a55056df361ee995bf267da	1
bb674137f14b605510f7f9f21db22e58	391a4d438911c730ae1b14db9442ed18	1
bb674137f14b605510f7f9f21db22e58	6ed3e90bc44e38cbb31c56196e74c2f8	1
bb674137f14b605510f7f9f21db22e58	6e7e30e201c5089d6a3af1aa691d6017	1
bb674137f14b605510f7f9f21db22e58	c564657afa8b49c84dd872af21aa0ceb	1
529781be4e18c10340f6741f4dbaf18f	6c1a56c8c80003785b9423cae51440e7	1
529781be4e18c10340f6741f4dbaf18f	9e0e35674c93417363bffd2154f43d99	1
529781be4e18c10340f6741f4dbaf18f	4d885b3f7e852f8855d08f3a3424d358	1
47b5713c0a38d7ac8b4d992a9f624c5c	c51cae0ccf840394d9075ef6f5ce4139	1
47b5713c0a38d7ac8b4d992a9f624c5c	a4a8ef233b3ef97c3e2b32e39c9205b3	1
47b5713c0a38d7ac8b4d992a9f624c5c	567e6e24ab1bbfc8498dd699f5ade473	1
47b5713c0a38d7ac8b4d992a9f624c5c	3558aca37fa29c19137069b83647bf6f	1
47b5713c0a38d7ac8b4d992a9f624c5c	62d3464ef3d2ae40e6198657229bae19	1
8a7d6f86663f8c69cc058258ef307243	5fd3782caae933755ec93ec955ea5576	1
8a7d6f86663f8c69cc058258ef307243	6599d2f72a927e7f0da0d60776caab8d	1
06cda5e85f296f63d89de5ba4040b718	90c1fdc6700c22eb769d40e07dc459b1	1
06cda5e85f296f63d89de5ba4040b718	e352f8dab8b4b20b8abd37444b505764	1
06cda5e85f296f63d89de5ba4040b718	9483d3b0a63481381b60845b78201e29	1
06cda5e85f296f63d89de5ba4040b718	4e77abbc5b786b17a3f6d8d933033712	1
06cda5e85f296f63d89de5ba4040b718	0b1e4e6a52d0b8d583217cb1589ad96e	1
06cda5e85f296f63d89de5ba4040b718	1d50ba02f5cc6e88bd92b2ae1281a141	1
06cda5e85f296f63d89de5ba4040b718	258e28cadc976b2c0579a4cb2d52b19b	1
06cda5e85f296f63d89de5ba4040b718	da8ac1ada2ccc63dea95278ea3978253	1
06cda5e85f296f63d89de5ba4040b718	d1fa7fdde4fcb8c56444527b1adf6eb3	1
06cda5e85f296f63d89de5ba4040b718	fb6762cef7c97a3fb90afd80e103bbed	1
06cda5e85f296f63d89de5ba4040b718	1adafb18cb5fdd58b889b4d3b7ae65c9	1
06cda5e85f296f63d89de5ba4040b718	6298f41e867d56eb48cf858ffc0066f2	1
06cda5e85f296f63d89de5ba4040b718	3fd99aa31f63dbe7c84f5fd84470044b	1
8319fac0fa077db055b8d35bf765ed50	062d192af90f3ab0067dc535f4a035a4	1
8319fac0fa077db055b8d35bf765ed50	f30257d492499f8b14ab21414ae25106	1
8319fac0fa077db055b8d35bf765ed50	8394cfb3904e6fc3f0cfd14e2dd8f04d	1
8319fac0fa077db055b8d35bf765ed50	841b51e2d8aff8357023bd4675391124	1
8319fac0fa077db055b8d35bf765ed50	3d94ce1186d3952c0e5b0df9427317e4	1
dc80cf5c8ecdb2d544f2109786d13444	e91efd0bbdab5a9ccad08bd5808303d3	1
e91efd0bbdab5a9ccad08bd5808303d3	550b436d84b30b60c13e4f66fd6b7f87	1
e91efd0bbdab5a9ccad08bd5808303d3	b4bba63b107da3e4b1cdcf3a9c727a79	1
e91efd0bbdab5a9ccad08bd5808303d3	feccfdde14be73218523954d6aca3a62	1
e91efd0bbdab5a9ccad08bd5808303d3	d38412dfc9f3fae4bc32de6a29f795b3	1
e91efd0bbdab5a9ccad08bd5808303d3	425063bc13e7945480bd6d280947783b	1
e91efd0bbdab5a9ccad08bd5808303d3	fa788af56e0a1fb54d323126ed462257	1
e91efd0bbdab5a9ccad08bd5808303d3	0b41be5cab11a6ed7be9cdff3142bc1f	1
e91efd0bbdab5a9ccad08bd5808303d3	844814962335fd433a61dc160a7aab90	1
e91efd0bbdab5a9ccad08bd5808303d3	db45e40a1d182cb0b04c1e52755d9dca	1
e91efd0bbdab5a9ccad08bd5808303d3	f1b99c7a79bdebd14391366923194fd1	1
e91efd0bbdab5a9ccad08bd5808303d3	999389d5632df7723fc185107e63549f	1
e91efd0bbdab5a9ccad08bd5808303d3	fa6990f8e2bd75b496a6adfb29fd2e74	1
e91efd0bbdab5a9ccad08bd5808303d3	ff01d7f49bfc7a23b246755e15929c8e	1
e91efd0bbdab5a9ccad08bd5808303d3	dd352328db708fa521f355ae3958e12b	1
e91efd0bbdab5a9ccad08bd5808303d3	0ddd1dcc5552b6a788f995633ad69c67	1
e91efd0bbdab5a9ccad08bd5808303d3	9b64beedee64106ed36be69f2f5098a4	1
e91efd0bbdab5a9ccad08bd5808303d3	afb5b372cfaefb65951f4da39a51114c	1
e91efd0bbdab5a9ccad08bd5808303d3	0700722a9f468a1ee0f13c207aebfe72	1
e91efd0bbdab5a9ccad08bd5808303d3	01bd2e226293060734e5ba16437b9937	1
e91efd0bbdab5a9ccad08bd5808303d3	150efb121bf82fdff23c96ff0d927fa6	1
e91efd0bbdab5a9ccad08bd5808303d3	e7714de0303ad442391c2c1015dc17ed	1
e91efd0bbdab5a9ccad08bd5808303d3	e3c783431dcc03d6457ddfbf7e710da3	1
e91efd0bbdab5a9ccad08bd5808303d3	b9b92ba66f8f7c32e9031ea34b1b94bd	1
e91efd0bbdab5a9ccad08bd5808303d3	cfa701f8d606c12e28b5d39d7a54803d	1
a1c27365e79659b17ab95f06971f3883	15f293658ebd5714839e93909c013fa4	1
a1c27365e79659b17ab95f06971f3883	62d3db2f67f557b7c584830d2d26339b	1
a1c27365e79659b17ab95f06971f3883	fdc1e5397a48d83d86ae4f0434115e2c	1
a1c27365e79659b17ab95f06971f3883	d2d1278b4167bca4b3630f56c3a71471	1
a1c27365e79659b17ab95f06971f3883	0995de78e462645a0a6eca8199072137	1
a1c27365e79659b17ab95f06971f3883	39f1d84332dd91e3041ac9c2e5ab0e9a	1
a1c27365e79659b17ab95f06971f3883	04daae0d552dcef3c0e7f3a5df192f9f	1
18d048323f9648625966b4299cfc8d74	4713fcccb43e14fc9324ae025421fcbb	1
18d048323f9648625966b4299cfc8d74	e2f3fe5414e332ef5ac4811783e4873c	1
18d048323f9648625966b4299cfc8d74	e9c204f0606c4454ef99565dfc796040	1
18d048323f9648625966b4299cfc8d74	97bb08f2add519d64fbf8e556da85c68	1
18d048323f9648625966b4299cfc8d74	ff7fef269f34d522c2a278ad3e0b3d72	1
18d048323f9648625966b4299cfc8d74	2859bceedc41a1a1deadfea8a47c2083	1
18d048323f9648625966b4299cfc8d74	3d818d72f9b25a90fe49a0d0cca2cda5	1
18d048323f9648625966b4299cfc8d74	e743f4659a8cbd4c1bb67ebd7e6e1943	1
18d048323f9648625966b4299cfc8d74	5717bc9e67d67cd035c061dd84122f6f	1
18d048323f9648625966b4299cfc8d74	2c7c7cb0c6b93af9fd30452753ad040e	1
18d048323f9648625966b4299cfc8d74	50f51d7d8f47035a49a1b24014e51d39	1
cf940a6e20daab7b0a43a3debce19e66	dd7fe90437be4de8f5eb1b900d1c699d	1
cf940a6e20daab7b0a43a3debce19e66	1845d60d4451333902611c4badbb4707	1
cf940a6e20daab7b0a43a3debce19e66	f6b620aeabb08267bfe953490b1b4dd4	1
37f2acb5a98cef7287e0cac067a060fc	39fe32c1916164d615a0977bb951ffd0	1
bfad4af1a15564c7011455614df4f1ff	9b0fbf6c2bc7e526dbf8686ae138936d	1
bfad4af1a15564c7011455614df4f1ff	448029500ffe87e57c3c3e001e0900cf	1
199310bcc624066aa72b37020092a80b	05a34961b01147b7139c0a253afb00fd	1
199310bcc624066aa72b37020092a80b	3603f679c857796babff60cc20479c6c	1
a660064a7eec9eeb3bad97c7057a7760	ff3d32b2379a201747e4f866222f4ee2	1
b0369807f7427370204fba023bdcfb4c	7af9da8259baf8d4e6c0142939c45d75	1
b0369807f7427370204fba023bdcfb4c	32bb65b358cf08ffaa4b5c3ae04ca377	1
df1bb458fdcf7a6abb3d10ef3144211b	90a4108c24c944ce70508e16d599d545	1
90a4108c24c944ce70508e16d599d545	f0c7857637773175127020ee5627bb22	1
f0c7857637773175127020ee5627bb22	faa56d4a625ce18947cc6dcb6310946d	1
90a4108c24c944ce70508e16d599d545	c580a6b43095384279a3fda3732a1d8a	1
90a4108c24c944ce70508e16d599d545	89e36478d3543e4e406f08480b23c5d4	1
90a4108c24c944ce70508e16d599d545	4f6afbadefbdb3e0f4457d20af5a76bc	1
7d6dec8ff707e60a1a5ad229b6552f8a	81aa392771722edb0ec9fe15252f3ff7	1
7d6dec8ff707e60a1a5ad229b6552f8a	75f618ceeaa379c6a9b2264d9218dcb7	1
7d6dec8ff707e60a1a5ad229b6552f8a	7da9524a89f7941c47237b1fa7fb2a6b	1
7d6dec8ff707e60a1a5ad229b6552f8a	887522dfaa59d5042a941e67f20e3155	1
7d6dec8ff707e60a1a5ad229b6552f8a	41353e9b7c373b0b4ef755d72384c03a	1
7d6dec8ff707e60a1a5ad229b6552f8a	983191ce6cf9fc50739a9d4fe0d32f2c	1
7d6dec8ff707e60a1a5ad229b6552f8a	2767407b99b76d40093a8dd7ab9e77fb	1
7d6dec8ff707e60a1a5ad229b6552f8a	25425c842fe004d9cbb27f58dda12a1e	1
7d6dec8ff707e60a1a5ad229b6552f8a	78f34d1d5be7280870c5b76583d683e6	1
7d6dec8ff707e60a1a5ad229b6552f8a	e33273bda96aa3cbc8fe273508bad6be	1
7d6dec8ff707e60a1a5ad229b6552f8a	6432652e8b911d1e3ff5033c3c21beeb	1
7d6dec8ff707e60a1a5ad229b6552f8a	098dd882d267ad8ed5706b0720fd6f82	1
7d6dec8ff707e60a1a5ad229b6552f8a	3638d3c335c38404ba000a204b8a9a6d	1
7d6dec8ff707e60a1a5ad229b6552f8a	170666dba4d8e7697551a591aa204a2e	1
ede6d7966e48bbc1a023e0ef019dc066	c245115a16eddb2f08a53e45d382926b	1
ede6d7966e48bbc1a023e0ef019dc066	38ca9d990b9410e74db78012921185f2	1
ede6d7966e48bbc1a023e0ef019dc066	b7ab6e85328d17232dd70b9f234aa67d	1
ede6d7966e48bbc1a023e0ef019dc066	034d890418eabc264451a401b5b6c9de	1
ede6d7966e48bbc1a023e0ef019dc066	f7d01eb19ba6ef8ab6e37cc335f2d5e6	1
ede6d7966e48bbc1a023e0ef019dc066	85eaf603f58d289eabc062bb6c8a9f68	1
ede6d7966e48bbc1a023e0ef019dc066	e432c6a63b589ff618a14f5a7f88e49b	1
ede6d7966e48bbc1a023e0ef019dc066	c8b255ec0d6d1ac12451ce6ad2b53db2	1
ede6d7966e48bbc1a023e0ef019dc066	f8ee90bbdf25d0738bf8ea6e7ec6878f	1
ede6d7966e48bbc1a023e0ef019dc066	bb6d32e4f4eae31ef8d31437b4e6cbca	1
ede6d7966e48bbc1a023e0ef019dc066	71973446cbfd3b594e176f1c22620c25	1
ede6d7966e48bbc1a023e0ef019dc066	c2a3994bd44d45c1d3227676d45dc3e4	1
c1a9b1f51fcfa7cd2d324bb17e7bac1e	6b164a0618d72bd9d887c1438ea83186	1
f3e7699e1ce9819a1204fc3caa477136	a6aa469de99e70d30a6964c91e551d9b	1
f3e7699e1ce9819a1204fc3caa477136	49258ba88c6b955c3b2159c900910bce	1
f3e7699e1ce9819a1204fc3caa477136	5f64696b246c5e288437d83daddc8b02	1
f3e7699e1ce9819a1204fc3caa477136	a52ec113476e8d0dc9495406b94b701e	1
f3e7699e1ce9819a1204fc3caa477136	d1d41d5c7cdcfd50017022a160ae7805	1
f3e7699e1ce9819a1204fc3caa477136	b3ac46f391c488150cb5cb257b95570c	1
f3e7699e1ce9819a1204fc3caa477136	a183ddc89d75fb60e592d8c10b723d5a	1
f3e7699e1ce9819a1204fc3caa477136	be04e137bc0f86be14b85463312adcef	1
f3e7699e1ce9819a1204fc3caa477136	748313158f36fd7c0da67b900298329f	1
f3e7699e1ce9819a1204fc3caa477136	b2ecb707fdb97ba1574b000fbb5d0881	1
f3e7699e1ce9819a1204fc3caa477136	d0d9c206eef337f0747199626ee51cfd	1
f3e7699e1ce9819a1204fc3caa477136	77cb352242af6e21f13edd1d8daddab0	1
f3e7699e1ce9819a1204fc3caa477136	770d48a6647db6180b5b497c4d966b43	1
f3e7699e1ce9819a1204fc3caa477136	32edfeae824a924222d9bf1a276080fd	1
f3e7699e1ce9819a1204fc3caa477136	72d8297250a1e3eb2f5035b6e0bcbd15	1
f3e7699e1ce9819a1204fc3caa477136	a1aa9f2c0021e57d82ecf492445b016e	1
f3e7699e1ce9819a1204fc3caa477136	5bf5d05fa7971ed047c5272dcbe6e903	1
5eb69ffa4a2ae44a71bede4c677c46a0	fd20bbf46607396b8184c71ed67805a8	1
5eb69ffa4a2ae44a71bede4c677c46a0	e9cce2e006b0898f8f1b90f299700961	1
5eb69ffa4a2ae44a71bede4c677c46a0	4d0eff5ec6e17c88b84a2b06a35330e3	1
5eb69ffa4a2ae44a71bede4c677c46a0	a129812d2a3572c7dc4d55712ad14226	1
5eb69ffa4a2ae44a71bede4c677c46a0	17edaecdebc2770e70eeb81a472af343	1
5eb69ffa4a2ae44a71bede4c677c46a0	19f079071fae6ab68cd8893f454ee156	1
5eb69ffa4a2ae44a71bede4c677c46a0	d99c76a26d09a8624b84b858382446ff	1
5eb69ffa4a2ae44a71bede4c677c46a0	a45577a5c4a5411fa9f18ca4cd1f3ea1	1
5eb69ffa4a2ae44a71bede4c677c46a0	618ac35ba45dfba8342184c6cfc9d28f	1
5eb69ffa4a2ae44a71bede4c677c46a0	5f22f8afb0d375cc07849f2547847788	1
875f0ad10f3b1e0b7a4e5eb3ae634e36	e08c905d52a092e63733f563e16fc594	1
d8a166da1664865d5fc30340584324b4	a666ab884c2884709838684d9acab349	1
d8a166da1664865d5fc30340584324b4	070f0965354b7f39c4a8ba14b9451da1	1
d8a166da1664865d5fc30340584324b4	f37249bf52248ae8adb13fc281fbf880	1
d8a166da1664865d5fc30340584324b4	6e21d2008c0d401afa3084cfb298b361	1
d8a166da1664865d5fc30340584324b4	e0460f32b73c549d975e8bd42033c7a7	1
d8a166da1664865d5fc30340584324b4	2d0f3829cf145de6778b748ebdb9e6a9	1
f491a26961a27e52922821fbba86ba1a	c98cfd1af02ee29f091983e8ab4d914b	1
f491a26961a27e52922821fbba86ba1a	0365bbc951a915a7c75f0f7f15035e45	1
1941d80ecc2e3edd90222cbd6a18e89f	7f3a41a4eab620fbe5259ed64f05bec2	1
6a764d448646ac6a133f081dd95edfff	969e9bcba65a75a4c88561e1caa34f71	1
6a764d448646ac6a133f081dd95edfff	fdf9226ffe2bf72993141957f2f4c31c	1
6a764d448646ac6a133f081dd95edfff	1a9a9ae8c8adda487839e61ab99e65d9	1
6a764d448646ac6a133f081dd95edfff	fca01cf5de52e5a2cb78f7e37bbc5cf7	1
6a764d448646ac6a133f081dd95edfff	2ad4050c473ee083c464e8028629a324	1
1bcca017c1f57fababb0c95abb5b31a7	2ffa0c99a97c0b6c546d5ffa8a1be739	1
1bcca017c1f57fababb0c95abb5b31a7	1de60a09fed2e6f7e23c5a5325131e74	1
1bcca017c1f57fababb0c95abb5b31a7	c06e2edf7609e1e25f64472c87cdb31e	1
1bcca017c1f57fababb0c95abb5b31a7	22383979c6f7566e8a60576d1a840ba1	1
1bcca017c1f57fababb0c95abb5b31a7	e1bfe362395b48b7030a627dd2ac327e	1
1bcca017c1f57fababb0c95abb5b31a7	9fba31e0c06e3b69655eca2f8ed01657	1
1bcca017c1f57fababb0c95abb5b31a7	eed87f7684c07c47f684db474459b0e2	1
5c9f0594637013ef7ab9fb402f58ea31	af32f9f2720568f56938a172e352569b	1
5c9f0594637013ef7ab9fb402f58ea31	494e6b3348cc4ac7801727ae3d2e6346	1
5c9f0594637013ef7ab9fb402f58ea31	d0b06b8c84c8737509c8b9707f23d6fb	1
ed67cb2da35ced6af886985db4f72e93	e399404ce2ad5f6b3f36ab3815f9992f	1
ed67cb2da35ced6af886985db4f72e93	3dc0ffecb99f73a414d066d2d7f9ac0f	1
ed67cb2da35ced6af886985db4f72e93	6d6290893580a4ceb9ed17e2d7230d57	1
ed67cb2da35ced6af886985db4f72e93	7f93ec0debff6c2f16a59018ed1ee697	1
ed67cb2da35ced6af886985db4f72e93	cf89eddfa5162efe5ac545efbbfa7329	1
5d113dfef00111a99773382351e9e4cf	9a3747067914249bd972c9e5e12dd839	1
